param,dateRel,key,val,predUpr,predLwr
no2,-80,predic,34.802160168246864,37.745885471758676,31.858434864735056
no2,-80,observed,20.427137746449944,37.745885471758676,31.858434864735056
no2,-79,predic,13.304405238156892,14.554698416941646,12.054112059372143
no2,-79,observed,9.495146898956321,14.554698416941646,12.054112059372143
no2,-78,predic,14.921314916866779,16.06027301380863,13.78235681992493
no2,-78,observed,10.171952719820029,16.06027301380863,13.78235681992493
no2,-77,predic,17.948801063871063,19.342256955705903,16.55534517203622
no2,-77,observed,12.702296880026443,19.342256955705903,16.55534517203622
no2,-76,predic,18.331985212371173,19.833881141348424,16.830089283393924
no2,-76,observed,13.439498926681011,19.833881141348424,16.830089283393924
no2,-75,predic,18.236751261162205,19.852445220557286,16.621057301767124
no2,-75,observed,15.416744403551952,19.852445220557286,16.621057301767124
no2,-74,predic,19.753315602794192,21.11582620570294,18.39080499988544
no2,-74,observed,13.885143634143866,21.11582620570294,18.39080499988544
no2,-73,predic,18.28215272100734,19.45835740206605,17.105948039948625
no2,-73,observed,13.411537563417752,19.45835740206605,17.105948039948625
no2,-72,predic,15.960848433212142,16.982594637789095,14.939102228635193
no2,-72,observed,11.924789718524666,16.982594637789095,14.939102228635193
no2,-71,predic,13.794613742211,14.716729826219943,12.872497658202057
no2,-71,observed,11.001596358287248,14.716729826219943,12.872497658202057
no2,-70,predic,10.989637839743612,11.7617987559407,10.217476923546522
no2,-70,observed,9.773689955338185,11.7617987559407,10.217476923546522
no2,-69,predic,11.43632995661118,12.256047675139097,10.616612238083261
no2,-69,observed,10.157114444808986,12.256047675139097,10.616612238083261
no2,-68,predic,11.692580765807005,12.530991783170169,10.854169748443837
no2,-68,observed,10.198194582791636,12.530991783170169,10.854169748443837
no2,-67,predic,12.029486427462162,12.910569103535346,11.148403751388978
no2,-67,observed,10.743461581645239,12.910569103535346,11.148403751388978
no2,-66,predic,11.761847395211326,12.654166833587421,10.869527956835233
no2,-66,observed,10.755115819470259,12.654166833587421,10.869527956835233
no2,-65,predic,11.420499907157524,12.31931676780591,10.521683046509139
no2,-65,observed,10.690873593569004,12.31931676780591,10.521683046509139
no2,-64,predic,11.325148765740336,12.191540529745549,10.45875700173512
no2,-64,observed,10.84422547497205,12.191540529745549,10.45875700173512
no2,-63,predic,10.452575216024405,11.1547813054324,9.750369126616413
no2,-63,observed,9.806066797594458,11.1547813054324,9.750369126616413
no2,-62,predic,10.632640408167866,11.318415608106973,9.94686520822876
no2,-62,observed,10.218117081396592,11.318415608106973,9.94686520822876
no2,-61,predic,11.600303926413865,12.414580724657323,10.786027128170408
no2,-61,observed,11.486393922744211,12.414580724657323,10.786027128170408
no2,-60,predic,12.02639834299291,12.86230483090781,11.190491855078012
no2,-60,observed,12.328993293932903,12.86230483090781,11.190491855078012
no2,-59,predic,11.717334880439953,12.433501364138603,11.0011683967413
no2,-59,observed,12.073478695048935,12.433501364138603,11.0011683967413
no2,-58,predic,21.97991951885956,24.017722285726162,19.942116751992955
no2,-58,observed,21.106451180597492,24.017722285726162,19.942116751992955
no2,-57,predic,24.7056321009165,26.960241458226324,22.45102274360667
no2,-57,observed,24.432425812949287,26.960241458226324,22.45102274360667
no2,-56,predic,27.942353033420655,30.334774151326574,25.549931915514733
no2,-56,observed,26.470040485396574,30.334774151326574,25.549931915514733
no2,-55,predic,31.704833073475886,33.96916165094074,29.44050449601103
no2,-55,observed,30.9720717791802,33.96916165094074,29.44050449601103
no2,-54,predic,33.582068707155926,35.82025481956861,31.343882594743246
no2,-54,observed,32.93741655294223,35.82025481956861,31.343882594743246
no2,-53,predic,33.26074330314728,35.45487009983799,31.066616506456555
no2,-53,observed,32.02703201707729,35.45487009983799,31.066616506456555
no2,-52,predic,32.92622778896143,35.12531733257112,30.727138245351743
no2,-52,observed,30.815684089020188,35.12531733257112,30.727138245351743
no2,-51,predic,32.68536904069468,34.90049250601596,30.470245575373408
no2,-51,observed,30.31447681120275,34.90049250601596,30.470245575373408
no2,-50,predic,32.69113415227382,34.93024853777291,30.45201976677474
no2,-50,observed,29.814834251839784,34.93024853777291,30.45201976677474
no2,-49,predic,32.64982196544182,34.892623936157136,30.407019994726504
no2,-49,observed,30.316128657343373,34.892623936157136,30.407019994726504
no2,-48,predic,32.794133178586264,34.91610889777744,30.67215745939507
no2,-48,observed,31.007739549053717,34.91610889777744,30.67215745939507
no2,-47,predic,33.333721889420026,35.336931313537626,31.330512465302412
no2,-47,observed,32.280689898392914,35.336931313537626,31.330512465302412
no2,-46,predic,33.37809473996367,35.38821980330078,31.36796967662655
no2,-46,observed,33.77359820570881,35.38821980330078,31.36796967662655
no2,-45,predic,33.18524246395047,35.203377128521836,31.16710779937912
no2,-45,observed,34.36972231860522,35.203377128521836,31.16710779937912
no2,-44,predic,33.099455799848144,35.081810277784314,31.117101321911953
no2,-44,observed,34.2051281203873,35.081810277784314,31.117101321911953
no2,-43,predic,32.928761415993705,35.106644359670746,30.750878472316668
no2,-43,observed,32.69144027318534,35.106644359670746,30.750878472316668
no2,-42,predic,32.52746896708933,34.700541980163194,30.35439595401548
no2,-42,observed,31.60870491009924,34.700541980163194,30.35439595401548
no2,-41,predic,32.29446404358823,34.388438543784105,30.200489543392354
no2,-41,observed,31.000985716689833,34.388438543784105,30.200489543392354
no2,-40,predic,32.28550250845747,34.25507126162681,30.315933755288125
no2,-40,observed,30.170511599958914,34.25507126162681,30.315933755288125
no2,-39,predic,32.43926239956701,34.41978618767148,30.45873861146256
no2,-39,observed,29.807263345747963,34.41978618767148,30.45873861146256
no2,-38,predic,32.597967588750556,34.374855506618104,30.821079670882998
no2,-38,observed,30.520118593938992,34.374855506618104,30.821079670882998
no2,-37,predic,32.59077269485132,34.28860651393424,30.89293887576839
no2,-37,observed,31.3984768351496,34.28860651393424,30.89293887576839
no2,-36,predic,32.98816635221838,34.72692252178487,31.24941018265189
no2,-36,observed,31.29777036422381,34.72692252178487,31.24941018265189
no2,-35,predic,33.59199425616902,35.37936004083857,31.80462847149948
no2,-35,observed,32.385355735935846,35.37936004083857,31.80462847149948
no2,-34,predic,33.55236837410448,35.37076973182068,31.733967016388295
no2,-34,observed,33.97268092178666,35.37076973182068,31.733967016388295
no2,-33,predic,33.298424207827566,35.1399802787969,31.45686813685825
no2,-33,observed,34.72999320435098,35.1399802787969,31.45686813685825
no2,-32,predic,33.44521984790319,35.34433614321506,31.546103552591333
no2,-32,observed,34.96471418150803,35.34433614321506,31.546103552591333
no2,-31,predic,32.903993796684475,34.92818392039214,30.87980367297681
no2,-31,observed,34.57033123283144,34.92818392039214,30.87980367297681
no2,-30,predic,32.29764248432565,34.369637629076564,30.225647339574742
no2,-30,observed,33.551089353019464,34.369637629076564,30.225647339574742
no2,-29,predic,31.86671816156812,34.00135848933414,29.73207783380212
no2,-29,observed,32.0441193476024,34.00135848933414,29.73207783380212
no2,-28,predic,31.586513604099373,33.84785882610754,29.325168382091203
no2,-28,observed,31.374251078321723,33.84785882610754,29.325168382091203
no2,-27,predic,31.17416796580751,33.42375091104941,28.92458502056562
no2,-27,observed,30.657397038760966,33.42375091104941,28.92458502056562
no2,-26,predic,31.210261380721136,33.30955273645661,29.110970024985654
no2,-26,observed,30.552753905228958,33.30955273645661,29.110970024985654
no2,-25,predic,31.14365452068796,33.199142238746234,29.088166802629697
no2,-25,observed,31.23836307465197,33.199142238746234,29.088166802629697
no2,-24,predic,31.393777385183743,33.35268693092219,29.43486783944529
no2,-24,observed,32.092494678690265,33.35268693092219,29.43486783944529
no2,-23,predic,31.45960866974953,33.35736430348175,29.561853036017315
no2,-23,observed,32.107155872869576,33.35736430348175,29.561853036017315
no2,-22,predic,29.98753356411756,31.743880805332825,28.231186322902282
no2,-22,observed,28.215537922561527,31.743880805332825,28.231186322902282
no2,-21,predic,32.12873487319514,33.95824151327302,30.299228233117255
no2,-21,observed,30.92254945798452,33.95824151327302,30.299228233117255
no2,-20,predic,33.66057814063185,35.57535370463459,31.745802576629103
no2,-20,observed,33.123421048476786,35.57535370463459,31.745802576629103
no2,-19,predic,35.03314083184418,37.04975774975147,33.01652391393687
no2,-19,observed,34.854928689706576,37.04975774975147,33.01652391393687
no2,-18,predic,35.996159524488824,38.0722457094312,33.92007333954646
no2,-18,observed,36.23465279215349,38.0722457094312,33.92007333954646
no2,-17,predic,35.49729064540166,37.51880266464245,33.475778626160874
no2,-17,observed,36.94846683227312,37.51880266464245,33.475778626160874
no2,-16,predic,35.06371838625189,37.12792018766795,32.99951658483584
no2,-16,observed,36.896075092173845,37.12792018766795,32.99951658483584
no2,-15,predic,34.680824899886915,36.76397242910577,32.59767737066805
no2,-15,observed,36.07465191662765,36.76397242910577,32.59767737066805
no2,-14,predic,34.30882308614412,36.393321775203944,32.224324397084295
no2,-14,observed,35.588540145362266,36.393321775203944,32.224324397084295
no2,-13,predic,34.37307086495393,36.43927875092933,32.306862978978536
no2,-13,observed,35.216610817378594,36.43927875092933,32.306862978978536
no2,-12,predic,34.42631789476495,36.46187679580771,32.39075899372218
no2,-12,observed,34.78758488538205,36.46187679580771,32.39075899372218
no2,-11,predic,34.5640426342574,36.48720849762021,32.640876770894586
no2,-11,observed,34.932627316916644,36.48720849762021,32.640876770894586
no2,-10,predic,35.295608702567144,37.13081568442006,33.46040172071423
no2,-10,observed,35.76517915710585,37.13081568442006,33.46040172071423
no2,-9,predic,35.805394718376384,37.73502434407578,33.875765092677
no2,-9,observed,36.19888255675123,37.73502434407578,33.875765092677
no2,-8,predic,35.22127828979007,37.16804723621772,33.274509343362425
no2,-8,observed,35.43862841338612,37.16804723621772,33.274509343362425
no2,-7,predic,34.372410654090906,36.406955230130386,32.33786607805143
no2,-7,observed,34.375207475046835,36.406955230130386,32.33786607805143
no2,-6,predic,33.7121384722083,35.815645157161775,31.608631787254836
no2,-6,observed,33.671402189010564,35.815645157161775,31.608631787254836
no2,-5,predic,32.88432313057499,35.01120802754335,30.757438233606624
no2,-5,observed,32.57118366906917,35.01120802754335,30.757438233606624
no2,-4,predic,32.531728666978026,34.48157261564816,30.581884718307887
no2,-4,observed,32.224045376523634,34.48157261564816,30.581884718307887
no2,-3,predic,33.262340219371616,35.12072421735483,31.403956221388416
no2,-3,observed,33.056769831616975,35.12072421735483,31.403956221388416
no2,-2,predic,34.190527589673295,36.02076061564974,32.36029456369687
no2,-2,observed,33.844590118903604,36.02076061564974,32.36029456369687
no2,-1,predic,34.80011424546185,36.65395157388196,32.94627691704173
no2,-1,observed,33.80575665012966,36.65395157388196,32.94627691704173
no2,0,predic,34.734031429152694,36.6915317411457,32.77653111715968
no2,0,observed,33.234749385229165,36.6915317411457,32.77653111715968
no2,1,predic,33.9106453955232,36.013583977675204,31.807706813371194
no2,1,observed,32.510022450630515,36.013583977675204,31.807706813371194
no2,2,predic,33.10035766206552,35.37903417667498,30.821681147456065
no2,2,observed,30.90748724545513,35.37903417667498,30.821681147456065
no2,3,predic,32.3885985633448,34.693758206413115,30.083438920276492
no2,3,observed,29.84412593857401,34.693758206413115,30.083438920276492
no2,4,predic,31.912566896474353,34.17772362285922,29.64741017008949
no2,4,observed,28.202075783624725,34.17772362285922,29.64741017008949
no2,5,predic,31.890253342957305,34.148220333419,29.632286352495615
no2,5,observed,27.0392190033477,34.148220333419,29.632286352495615
no2,6,predic,32.17420105800019,34.4560485403164,29.89235357568398
no2,6,observed,25.351411465923906,34.4560485403164,29.89235357568398
no2,7,predic,32.149447233888154,34.508601191874035,29.79029327590228
no2,7,observed,23.885656335517847,34.508601191874035,29.79029327590228
no2,8,predic,32.26842297494579,34.701986984783524,29.834858965108058
no2,8,observed,22.559605814145428,34.701986984783524,29.834858965108058
no2,9,predic,32.41333863985373,34.89953928856829,29.92713799113917
no2,9,observed,22.258369916835562,34.89953928856829,29.92713799113917
no2,10,predic,31.426018556300672,33.816618769562545,29.035418343038803
no2,10,observed,21.520929288528574,33.816618769562545,29.035418343038803
no2,11,predic,31.590784149241436,33.86406290981418,29.31750538866869
no2,11,observed,21.082431049889006,33.86406290981418,29.31750538866869
no2,12,predic,31.55457673592715,33.75109221994032,29.358061251913988
no2,12,observed,20.88862662006577,33.75109221994032,29.358061251913988
no2,13,predic,30.950681090925375,33.06674215640986,28.834620025440895
no2,13,observed,20.615097225470873,33.06674215640986,28.834620025440895
no2,14,predic,30.243093480445282,32.372831082269585,28.113355878620975
no2,14,observed,20.05511090302738,32.372831082269585,28.113355878620975
no2,15,predic,30.08623599824111,32.310929227100054,27.861542769382172
no2,15,observed,19.718746905325702,32.310929227100054,27.861542769382172
no2,16,predic,30.127814493456167,32.34878219897683,27.906846787935514
no2,16,observed,20.21132486141759,32.34878219897683,27.906846787935514
no2,17,predic,30.357644893504517,32.47058315318345,28.244706633825587
no2,17,observed,21.14196422855064,32.47058315318345,28.244706633825587
no2,18,predic,31.28705330039331,33.2687548395209,29.305351761265715
no2,18,observed,22.424987233959015,33.2687548395209,29.305351761265715
no2,19,predic,32.05105846085554,33.98241582507629,30.119701096634802
no2,19,observed,23.573134627758616,33.98241582507629,30.119701096634802
no2,20,predic,32.76055110175106,34.661434185868835,30.859668017633293
no2,20,observed,24.917561941505053,34.661434185868835,30.859668017633293
no2,21,predic,33.098797150270414,35.03457048702924,31.16302381351158
no2,21,observed,25.26374668625418,35.03457048702924,31.16302381351158
no2,22,predic,32.33756601316822,34.35414539887705,30.3209866274594
no2,22,observed,24.513343045268467,34.35414539887705,30.3209866274594
no2,23,predic,31.085561763057402,33.217294816625284,28.95382870948951
no2,23,observed,22.33877720885656,33.217294816625284,28.95382870948951
no2,24,predic,30.465927331199737,32.64709529352114,28.284759368878337
no2,24,observed,20.306546911421357,32.64709529352114,28.284759368878337
no2,25,predic,30.135729566928877,32.30104460638233,27.970414527475416
no2,25,observed,18.035734420875755,32.30104460638233,27.970414527475416
no2,26,predic,30.315758959990482,32.47377071578011,28.157747204200852
no2,26,observed,16.721095413223868,32.47377071578011,28.157747204200852
no2,27,predic,30.989109315701597,33.17298784730509,28.805230784098107
no2,27,observed,15.836757997934075,33.17298784730509,28.805230784098107
no2,28,predic,31.52112461642797,33.86870837880267,29.17354085405328
no2,28,observed,15.755325994011981,33.86870837880267,29.17354085405328
no2,29,predic,31.7510062030162,34.124388745834395,29.377623660197997
no2,29,observed,15.45692874490989,34.124388745834395,29.377623660197997
no2,30,predic,31.517758930393683,33.841500416577496,29.194017444209862
no2,30,observed,15.278391093822865,33.841500416577496,29.194017444209862
no2,31,predic,31.216973056226724,33.50312185049777,28.930824261955678
no2,31,observed,15.261576964327087,33.50312185049777,28.930824261955678
no2,32,predic,30.984433802518392,33.189458233160686,28.779409371876103
no2,32,observed,15.327943907580003,33.189458233160686,28.779409371876103
no2,33,predic,31.418736460325828,33.44847752650565,29.388995394146008
no2,33,observed,15.443447019804665,33.44847752650565,29.388995394146008
no2,34,predic,31.04488858384723,33.03223399008769,29.057543177606767
no2,34,observed,15.289967076561174,33.03223399008769,29.057543177606767
no2,35,predic,30.74309876387632,32.78554321005107,28.700654317701574
no2,35,observed,15.484253202637627,32.78554321005107,28.700654317701574
no2,36,predic,30.920166382545982,32.987661879929334,28.85267088516262
no2,36,observed,15.703824506027429,32.987661879929334,28.85267088516262
no2,37,predic,30.664147668083277,32.681607445819246,28.646687890347316
no2,37,observed,15.475360905405575,32.681607445819246,28.646687890347316
no2,38,predic,30.55068266863885,32.5243798771471,28.576985460130597
no2,38,observed,15.257863184689617,32.5243798771471,28.576985460130597
no2,39,predic,30.631112746432123,32.545104406935856,28.717121085928394
no2,39,observed,15.473217546071767,32.545104406935856,28.717121085928394
no2,40,predic,31.07362874216862,32.93824582229464,29.209011662042602
no2,40,observed,15.503455061873618,32.93824582229464,29.209011662042602
no2,41,predic,30.65057469015875,32.538769248464675,28.762380131852822
no2,41,observed,15.48290160553165,32.538769248464675,28.762380131852822
no2,42,predic,30.432303682674636,32.370376836750374,28.494230528598905
no2,42,observed,15.486219753925266,32.370376836750374,28.494230528598905
no2,43,predic,30.351701318730637,32.28428359284827,28.419119044613012
no2,43,observed,16.016252356228303,32.28428359284827,28.419119044613012
no2,44,predic,30.69714230026634,32.60542126001256,28.788863340520116
no2,44,observed,16.513149763539243,32.60542126001256,28.788863340520116
no2,45,predic,30.75101958440405,32.64739431069568,28.854644858112422
no2,45,observed,16.877219553350415,32.64739431069568,28.854644858112422
no2,46,predic,30.999767145200654,32.96054240262345,29.03899188777786
no2,46,observed,16.74575935717857,32.96054240262345,29.03899188777786
no2,47,predic,30.963228544515673,32.87382319734789,29.052633891683456
no2,47,observed,16.519884148400827,32.87382319734789,29.052633891683456
no2,48,predic,31.013085331790336,32.93648147711208,29.089689186468593
no2,48,observed,16.67136693106339,32.93648147711208,29.089689186468593
no2,49,predic,30.3522959525691,32.371865853681506,28.33272605145668
no2,49,observed,16.575755438206514,32.371865853681506,28.33272605145668
no2,50,predic,31.70298110318507,33.83177226713929,29.57418993923086
no2,50,observed,16.869971918672,33.83177226713929,29.57418993923086
no2,51,predic,31.698834818079092,33.74213733333012,29.655532302828075
no2,51,observed,16.853770372973695,33.74213733333012,29.655532302828075
no2,52,predic,31.65598079144684,33.76159891708413,29.550362665809555
no2,52,observed,17.229173578414752,33.76159891708413,29.550362665809555
no2,53,predic,31.826599283345523,33.89659320764052,29.756605359050532
no2,53,observed,17.159802282071414,33.89659320764052,29.756605359050532
no2,54,predic,32.96103306818179,35.02083279000354,30.90123334636005
no2,54,observed,17.929730008051905,35.02083279000354,30.90123334636005
no2,55,predic,32.562368763660785,34.6307687297828,30.493968797538766
no2,55,observed,18.464255745091926,34.6307687297828,30.493968797538766
no2,56,predic,33.120053056124355,35.25600607333907,30.984100038909634
no2,56,observed,19.059582965191833,35.25600607333907,30.984100038909634
no2,57,predic,30.232382894099665,31.886234796425768,28.57853099177357
no2,57,observed,24.081447126251177,31.886234796425768,28.57853099177357
no2,58,predic,35.570349330178914,37.94363472664499,33.197063933712826
no2,58,observed,21.252385740339637,37.94363472664499,33.197063933712826
no2,59,predic,31.7161190114455,34.004365852504066,29.42787217038693
no2,59,observed,18.796691516449545,34.004365852504066,29.42787217038693
no2,60,predic,31.775035751037972,34.09560418657543,29.454467315500526
no2,60,observed,18.284817676284227,34.09560418657543,29.454467315500526
no2,61,predic,35.07544689818016,37.67759626546652,32.4732975308938
no2,61,observed,20.07988624688422,37.67759626546652,32.4732975308938
no2,62,predic,34.06027476598969,36.80586538916139,31.31468414281798
no2,62,observed,19.76473786610605,36.80586538916139,31.31468414281798
no2,63,predic,34.18521540701008,36.955487955444106,31.41494285857603
no2,63,observed,18.97189641478274,36.955487955444106,31.41494285857603
no2,64,predic,34.14358364718678,36.96432971001469,31.322837584358876
no2,64,observed,18.433599560744987,36.96432971001469,31.322837584358876
no2,65,predic,33.335957069696164,36.2117246878926,30.46018945149973
no2,65,observed,17.452513183871204,36.2117246878926,30.46018945149973
no2,66,predic,33.296770851110665,36.117352929777944,30.476188772443386
no2,66,observed,16.924349173534527,36.117352929777944,30.476188772443386
no2,67,predic,33.606203254483496,36.365761809027326,30.846644699939663
no2,67,observed,16.928246031279386,36.365761809027326,30.846644699939663
no2,68,predic,34.18585314038747,36.97542677329055,31.396279507484387
no2,68,observed,17.2265270491343,36.97542677329055,31.396279507484387
no2,69,predic,34.84223445325289,37.579377896020546,32.10509101048524
no2,69,observed,18.25472191802105,37.579377896020546,32.10509101048524
no2,70,predic,35.12003983734383,37.78763038245428,32.45244929223339
no2,70,observed,18.831667451051562,37.78763038245428,32.45244929223339
no2,71,predic,35.513558007626436,38.08540903459917,32.9417069806537
no2,71,observed,19.17477081123909,38.08540903459917,32.9417069806537
no2,72,predic,35.447607470695274,37.98150342956024,32.91371151183029
no2,72,observed,18.865827206205047,37.98150342956024,32.91371151183029
no2,73,predic,35.07043525993214,37.548958802876555,32.59191171698771
no2,73,observed,18.821559735949524,37.548958802876555,32.59191171698771
no2,74,predic,35.60441425901057,38.05185634767117,33.15697217034999
no2,74,observed,18.925081485400238,38.05185634767117,33.15697217034999
no2,75,predic,36.26009112166595,38.83296556851628,33.6872166748156
no2,75,observed,21.233198456177966,38.83296556851628,33.6872166748156
no2,76,predic,36.11605435898046,38.694774569118636,33.53733414884229
no2,76,observed,22.194571525703484,38.694774569118636,33.53733414884229
no2,77,predic,35.81877937824652,38.01213879973743,33.6254199567556
no2,77,observed,33.554800969668605,38.01213879973743,33.6254199567556
no2,78,predic,34.54419454541656,36.792462347190494,32.29592674364264
no2,78,observed,33.423011757644304,36.792462347190494,32.29592674364264
no2,79,predic,32.81813563463031,35.21386342736578,30.422407841894852
no2,79,observed,31.946439150454896,35.21386342736578,30.422407841894852
no2,80,predic,31.77258530745255,34.16097224988621,29.384198365018896
no2,80,observed,30.102391377370054,34.16097224988621,29.384198365018896
no2,81,predic,32.31671472465111,34.80113664916408,29.83229280013816
no2,81,observed,29.98530571956471,34.80113664916408,29.83229280013816
no2,82,predic,34.02968459896485,36.469349550620315,31.590019647309383
no2,82,observed,31.637262276899037,36.469349550620315,31.590019647309383
no2,83,predic,35.79796510190607,38.18481690278665,33.41111330102548
no2,83,observed,33.571054674500544,38.18481690278665,33.41111330102548
no2,84,predic,37.04806952304959,39.31729723324252,34.778841812856655
no2,84,observed,35.45156185845299,39.31729723324252,34.778841812856655
no2,85,predic,36.75429005262579,39.008438802083916,34.500141303167645
no2,85,observed,36.63997734751378,39.008438802083916,34.500141303167645
no2,86,predic,34.86001603495458,37.14013816793065,32.57989390197851
no2,86,observed,35.26832889657286,37.14013816793065,32.57989390197851
no2,87,predic,33.4068136959505,35.717845530229454,31.095781861671522
no2,87,observed,31.87690368882347,35.717845530229454,31.095781861671522
no2,88,predic,32.632528748512684,34.98362124792983,30.281436249095542
no2,88,observed,29.120543594044797,34.98362124792983,30.281436249095542
no2,89,predic,31.340851646358225,33.82818284263735,28.8535204500791
no2,89,observed,26.964639809441486,33.82818284263735,28.8535204500791
no2,90,predic,29.567394201007925,32.17259260345102,26.962195798564842
no2,90,observed,24.94953629073299,32.17259260345102,26.962195798564842
no2,91,predic,29.54107404559527,32.12188310380611,26.960264987384413
no2,91,observed,24.15089247029934,32.12188310380611,26.960264987384413
no2,92,predic,30.04491403425601,32.70248176730259,27.38734630120943
no2,92,observed,25.003107288164557,32.70248176730259,27.38734630120943
no2,94,predic,31.064848018213652,33.76445596611971,28.36524007030759
no2,94,observed,26.088697152184814,33.76445596611971,28.36524007030759
no2,95,predic,33.59407106015104,36.279947867284775,30.908194253017303
no2,95,observed,28.274554758479063,36.279947867284775,30.908194253017303
no2,96,predic,37.020732858793586,39.70363967075571,34.337826046831466
no2,96,observed,30.602689024589502,39.70363967075571,34.337826046831466
no2,97,predic,38.004386995751176,40.67773934818132,35.33103464332105
no2,97,observed,31.801002496725374,40.67773934818132,35.33103464332105
no2,98,predic,37.17156954277984,39.82671613126176,34.51642295429791
no2,98,observed,32.64247002288913,39.82671613126176,34.51642295429791
no2,99,predic,36.46927643332123,39.18642655781492,33.75212630882753
no2,99,observed,32.768448199740924,39.18642655781492,33.75212630882753
no2,100,predic,35.314309809750796,38.01599841602631,32.612621203475285
no2,100,observed,31.423490362262463,38.01599841602631,32.612621203475285
no2,101,predic,33.82782666598466,36.501335559835525,31.154317772133805
no2,101,observed,29.58160989849041,36.501335559835525,31.154317772133805
no2,102,predic,33.48449570182818,36.2506865889209,30.71830481473546
no2,102,observed,27.840489686863048,36.2506865889209,30.71830481473546
no2,103,predic,33.45499696695076,36.2145201400297,30.695473793871827
no2,103,observed,25.58099409079495,36.2145201400297,30.695473793871827
no2,104,predic,32.8237488551663,35.53418508942996,30.113312620902644
no2,104,observed,24.09911185339794,35.53418508942996,30.113312620902644
no2,105,predic,30.554516953078235,33.53902213884068,27.570011767315794
no2,105,observed,23.050785222737744,33.53902213884068,27.570011767315794
no2,106,predic,28.56959907081844,31.806046377852375,25.333151763784503
no2,106,observed,21.552244641578852,31.806046377852375,25.333151763784503
no2,107,predic,28.252162605822093,31.475822865368624,25.028502346275552
no2,107,observed,20.82880399578487,31.475822865368624,25.028502346275552
no2,108,predic,28.80305510844617,31.924876393684162,25.681233823208185
no2,108,observed,21.17320592678838,31.924876393684162,25.681233823208185
no2,109,predic,29.51708299855045,32.57122709446674,26.462938902634153
no2,109,observed,21.616979449570202,32.57122709446674,26.462938902634153
no2,110,predic,31.505125806826896,34.33582733813596,28.67442427551783
no2,110,observed,22.07146448957889,34.33582733813596,28.67442427551783
no2,112,predic,32.85258909234359,35.47827130233869,30.226906882348487
no2,112,observed,23.043648099074836,35.47827130233869,30.226906882348487
o3,-85,predic,51.8075435853234,54.607195215325405,49.00789195532139
o3,-85,observed,58.26519547973123,54.607195215325405,49.00789195532139
o3,-84,predic,38.43705130367478,40.602497644933614,36.271604962415935
o3,-84,observed,42.99870765873642,40.602497644933614,36.271604962415935
o3,-83,predic,26.90532149502568,28.43134056519769,25.37930242485367
o3,-83,observed,25.155482344932704,28.43134056519769,25.37930242485367
o3,-82,predic,12.034614824672971,12.678646186213246,11.3905834631327
o3,-82,observed,10.324608534954006,12.678646186213246,11.3905834631327
o3,-81,predic,0.045278349439659714,0.05034500062856305,0.04021169825075638
o3,-81,observed,0.05324936748672958,0.05034500062856305,0.04021169825075638
o3,-80,predic,0.8446226912281989,0.9150934587216555,0.7741519237347418
o3,-80,observed,0.7810656818658271,0.9150934587216555,0.7741519237347418
o3,-79,predic,10.458525972749232,11.311108264458712,9.60594368103975
o3,-79,observed,7.156783816064203,11.311108264458712,9.60594368103975
o3,-78,predic,10.405444908449542,11.183564378841934,9.627325438057147
o3,-78,observed,7.390956000891882,11.183564378841934,9.627325438057147
o3,-77,predic,8.681611835980224,9.45601558973028,7.907208082230167
o3,-77,observed,8.29665605127124,9.45601558973028,7.907208082230167
o3,-76,predic,10.519086686995992,12.24999178075196,8.788181593240024
o3,-76,observed,11.323229754915909,12.24999178075196,8.788181593240024
o3,-75,predic,16.151276008851514,17.867732752618558,14.434819265084467
o3,-75,observed,16.194552669471275,17.867732752618558,14.434819265084467
o3,-74,predic,29.32299911409,31.05164644279724,27.594351785382752
o3,-74,observed,29.651961480609636,31.05164644279724,27.594351785382752
o3,-73,predic,23.34697129563986,24.773481040543174,21.920461550736547
o3,-73,observed,24.04098869378324,24.773481040543174,21.920461550736547
o3,-72,predic,22.964455695648684,24.531781031131537,21.397130360165832
o3,-72,observed,23.870805552657504,24.531781031131537,21.397130360165832
o3,-71,predic,16.320219195141362,17.705190410616744,14.935247979665982
o3,-71,observed,17.00153020417953,17.705190410616744,14.935247979665982
o3,-70,predic,10.82558654832781,11.974974533451595,9.67619856320402
o3,-70,observed,12.303005787268624,11.974974533451595,9.67619856320402
o3,-69,predic,13.322422428358157,14.538230819831004,12.10661403688531
o3,-69,observed,14.367303242113357,14.538230819831004,12.10661403688531
o3,-68,predic,12.781449500417366,14.074067635802855,11.488831365031881
o3,-68,observed,14.261895939592875,14.074067635802855,11.488831365031881
o3,-67,predic,12.50232942743752,13.880970470604298,11.123688384270736
o3,-67,observed,13.613307639786552,13.880970470604298,11.123688384270736
o3,-66,predic,10.382723461916601,11.52338307534388,9.242063848489325
o3,-66,observed,10.859362532754519,11.52338307534388,9.242063848489325
o3,-65,predic,10.887205025423839,12.078025277438488,9.696384773409193
o3,-65,observed,11.383780293902147,12.078025277438488,9.696384773409193
o3,-64,predic,11.076075893051364,12.235305120622597,9.916846665480133
o3,-64,observed,11.519026089984816,12.235305120622597,9.916846665480133
o3,-63,predic,10.332928825039009,11.190408379930766,9.47544927014725
o3,-63,observed,10.794473497379363,11.190408379930766,9.47544927014725
o3,-62,predic,9.979258409976065,10.763532950131165,9.194983869820964
o3,-62,observed,9.980873648908512,10.763532950131165,9.194983869820964
o3,-61,predic,10.990006277848863,12.064615281583622,9.915397274114103
o3,-61,observed,10.705128247308595,12.064615281583622,9.915397274114103
o3,-60,predic,10.545375636225192,11.520620397867454,9.57013087458293
o3,-60,observed,10.081199644721929,11.520620397867454,9.57013087458293
o3,-59,predic,9.90457973578592,10.78922855287004,9.019930918701798
o3,-59,observed,8.897373271563792,10.78922855287004,9.019930918701798
o3,-58,predic,41.25383608258542,43.44417793822966,39.06349422694118
o3,-58,observed,39.2241239894132,43.44417793822966,39.06349422694118
o3,-57,predic,36.000578943929696,38.20531471149423,33.79584317636515
o3,-57,observed,33.650934313725166,38.20531471149423,33.79584317636515
o3,-56,predic,30.450699298699146,32.56313042543494,28.33826817196336
o3,-56,observed,27.421782896516575,32.56313042543494,28.33826817196336
o3,-55,predic,26.665791585689025,28.573299809034832,24.758283362343217
o3,-55,observed,23.072510885400483,28.573299809034832,24.758283362343217
o3,-54,predic,23.419692889529532,25.249161440279362,21.5902243387797
o3,-54,observed,22.041246611448784,25.249161440279362,21.5902243387797
o3,-53,predic,23.136541104556382,24.951960561097184,21.321121648015577
o3,-53,observed,21.33701172171088,24.951960561097184,21.321121648015577
o3,-52,predic,22.851953204692894,24.666827894822177,21.037078514563614
o3,-52,observed,21.52855524540382,24.666827894822177,21.037078514563614
o3,-51,predic,23.275867092306125,25.127191031007694,21.424543153604553
o3,-51,observed,21.61400624218986,25.127191031007694,21.424543153604553
o3,-50,predic,23.067826282113302,24.905181682396318,21.2304708818303
o3,-50,observed,20.807588552764997,24.905181682396318,21.2304708818303
o3,-49,predic,23.220376187434614,25.07692553828353,21.36382683658569
o3,-49,observed,21.160462459064085,25.07692553828353,21.36382683658569
o3,-48,predic,23.984946070477218,25.724311163343177,22.24558097761125
o3,-48,observed,22.1938407943687,25.724311163343177,22.24558097761125
o3,-47,predic,25.052326943831517,26.65718988192732,23.447464005735718
o3,-47,observed,23.02936656692605,26.65718988192732,23.447464005735718
o3,-46,predic,25.49677494031453,27.154429702636687,23.839120177992374
o3,-46,observed,23.974088122270395,27.154429702636687,23.839120177992374
o3,-45,predic,25.497624344820668,27.110915449123034,23.884333240518295
o3,-45,observed,24.65222195600001,27.110915449123034,23.884333240518295
o3,-44,predic,25.652140803460767,27.212324690327904,24.091956916593638
o3,-44,observed,24.459159708851058,27.212324690327904,24.091956916593638
o3,-43,predic,25.23910309745618,26.955961608228534,23.52224458668383
o3,-43,observed,23.768459387347594,26.955961608228534,23.52224458668383
o3,-42,predic,24.793529208237818,26.554826643107205,23.032231773368434
o3,-42,observed,23.136146883136465,26.554826643107205,23.032231773368434
o3,-41,predic,24.826561370937196,26.5492923368089,23.103830405065484
o3,-41,observed,22.796576756520324,26.5492923368089,23.103830405065484
o3,-40,predic,25.04881291902023,26.697561295543192,23.400064542497258
o3,-40,observed,22.638593990733675,26.697561295543192,23.400064542497258
o3,-39,predic,25.11013973211449,26.765681259434697,23.454598204794287
o3,-39,observed,23.07530419875814,26.765681259434697,23.454598204794287
o3,-38,predic,25.41500279934525,26.90290893070808,23.927096667982422
o3,-38,observed,23.007216912316622,26.90290893070808,23.927096667982422
o3,-37,predic,25.540986384500094,26.965883936711744,24.116088832288433
o3,-37,observed,22.664399999669968,26.965883936711744,24.116088832288433
o3,-36,predic,25.64598546691588,27.103475101162157,24.188495832669606
o3,-36,observed,23.27601907309228,27.103475101162157,24.188495832669606
o3,-35,predic,26.068305085062157,27.556389237803263,24.580220932321048
o3,-35,observed,23.3692971099964,27.556389237803263,24.580220932321048
o3,-34,predic,26.431220550398514,27.96680203605329,24.89563906474374
o3,-34,observed,24.358384760006874,27.96680203605329,24.89563906474374
o3,-33,predic,26.780726025839336,28.306279714997764,25.255172336680904
o3,-33,observed,25.115537488129842,28.306279714997764,25.255172336680904
o3,-32,predic,26.850146553893232,28.419569213299074,25.28072389448739
o3,-32,observed,25.70705680872806,28.419569213299074,25.28072389448739
o3,-31,predic,26.456046275890042,28.117562976538306,24.794529575241775
o3,-31,observed,26.036138062402777,28.117562976538306,24.794529575241775
o3,-30,predic,26.15402530707575,27.877218140789367,24.430832473362123
o3,-30,observed,26.105555581121376,27.877218140789367,24.430832473362123
o3,-29,predic,25.76529384898625,27.51223916191819,24.0183485360543
o3,-29,observed,25.776108337849355,27.51223916191819,24.0183485360543
o3,-28,predic,25.926909989301397,27.782050473399654,24.071769505203143
o3,-28,observed,26.269906089958805,27.782050473399654,24.071769505203143
o3,-27,predic,26.1590748630507,28.004059356350655,24.314090369750748
o3,-27,observed,27.212890443229306,28.004059356350655,24.314090369750748
o3,-26,predic,26.729775071406902,28.43653603483428,25.023014107979524
o3,-26,observed,27.451816564390246,28.43653603483428,25.023014107979524
o3,-25,predic,26.992553547576772,28.663288286366907,25.321818808786634
o3,-25,observed,28.171703348304277,28.663288286366907,25.321818808786634
o3,-24,predic,27.262735983984566,28.893201740274666,25.632270227694473
o3,-24,observed,29.025734460561093,28.893201740274666,25.632270227694473
o3,-23,predic,27.29622563841736,28.893155188009246,25.69929608882549
o3,-23,observed,29.357046843880685,28.893155188009246,25.69929608882549
o3,-22,predic,28.983791087451497,30.97160004119297,26.99598213371002
o3,-22,observed,31.534321630414404,30.97160004119297,26.99598213371002
o3,-21,predic,31.12273320992911,33.43944826540243,28.806018154455785
o3,-21,observed,32.31347216203717,33.43944826540243,28.806018154455785
o3,-20,predic,33.321130666837014,35.990820205084724,30.65144112858931
o3,-20,observed,32.92484488527872,35.990820205084724,30.65144112858931
o3,-19,predic,35.51200257190934,38.57699649061764,32.44700865320104
o3,-19,observed,34.53302067064662,38.57699649061764,32.44700865320104
o3,-18,predic,37.61617328791906,41.09123795291045,34.14110862292767
o3,-18,observed,37.27373964716949,41.09123795291045,34.14110862292767
o3,-17,predic,37.61219735495342,41.11405346322329,34.11034124668355
o3,-17,observed,37.61112259176687,41.11405346322329,34.11034124668355
o3,-16,predic,37.7245887975698,41.27510761752125,34.17406997761836
o3,-16,observed,38.06410171479713,41.27510761752125,34.17406997761836
o3,-15,predic,37.69015787212763,41.20325095749901,34.17706478675624
o3,-15,observed,39.51466189919014,41.20325095749901,34.17706478675624
o3,-14,predic,37.60597485076074,41.10499006865584,34.10695963286563
o3,-14,observed,40.70639406486735,41.10499006865584,34.10695963286563
o3,-13,predic,40.96245832777587,44.62410034315441,37.30081631239732
o3,-13,observed,44.12935362411445,44.62410034315441,37.30081631239732
o3,-12,predic,41.80858850359531,45.40403196226067,38.21314504492996
o3,-12,observed,44.9802045381609,45.40403196226067,38.21314504492996
o3,-11,predic,41.75100330484545,45.224491892971194,38.2775147167197
o3,-11,observed,45.56692311090197,45.224491892971194,38.2775147167197
o3,-10,predic,41.90961006059075,45.32781188112638,38.49140824005512
o3,-10,observed,46.38807330521021,45.32781188112638,38.49140824005512
o3,-9,predic,41.626117554323315,45.02865236880196,38.223582739844666
o3,-9,observed,46.81847191257373,45.02865236880196,38.223582739844666
o3,-8,predic,41.33068199791263,44.79475358529252,37.86661041053273
o3,-8,observed,47.35268518718254,44.79475358529252,37.86661041053273
o3,-7,predic,40.171377498089306,43.67253576517369,36.67021923100491
o3,-7,observed,46.31560082266264,43.67253576517369,36.67021923100491
o3,-6,predic,39.973966185502775,43.46767108971318,36.48026128129237
o3,-6,observed,46.23147489252626,43.46767108971318,36.48026128129237
o3,-5,predic,40.54913173315004,44.08553362553963,37.01272984076046
o3,-5,observed,45.79501539511557,44.08553362553963,37.01272984076046
o3,-4,predic,37.68222808091975,40.788940862427594,34.575515299411904
o3,-4,observed,42.85947578722304,40.788940862427594,34.575515299411904
o3,-3,predic,40.2224907304934,43.35924262494147,37.08573883604533
o3,-3,observed,47.94126642582541,43.35924262494147,37.08573883604533
o3,-2,predic,40.86033820837626,43.96207637894762,37.758600037804904
o3,-2,observed,49.338306608374126,43.96207637894762,37.758600037804904
o3,-1,predic,41.52437940427801,44.71940156211244,38.32935724644358
o3,-1,observed,50.04119317422497,44.71940156211244,38.32935724644358
o3,0,predic,41.37077844807478,44.7087116877857,38.03284520836386
o3,0,observed,51.003583700854634,44.7087116877857,38.03284520836386
o3,1,predic,41.03996011966612,44.58810258461436,37.49181765471788
o3,1,observed,49.90675206630309,44.58810258461436,37.49181765471788
o3,2,predic,41.11417514887814,44.88079719514972,37.34755310260656
o3,2,observed,47.95344084505189,44.88079719514972,37.34755310260656
o3,3,predic,41.16826596451029,45.040885376710975,37.29564655230961
o3,3,observed,47.08743977060574,45.040885376710975,37.29564655230961
o3,4,predic,37.779288870527765,41.305450186419854,34.25312755463568
o3,4,observed,43.66859200493728,41.305450186419854,34.25312755463568
o3,5,predic,38.020800993473124,41.54246812597385,34.4991338609724
o3,5,observed,43.24112472526059,41.54246812597385,34.4991338609724
o3,6,predic,37.99491088800084,41.56383421621446,34.42598755978722
o3,6,observed,43.49881564269597,41.56383421621446,34.42598755978722
o3,7,predic,40.86523719677241,44.82054555228913,36.909928841255685
o3,7,observed,47.28228726492198,44.82054555228913,36.909928841255685
o3,8,predic,40.88344354503305,44.83407808927715,36.93280900078894
o3,8,observed,48.716888870143364,44.83407808927715,36.93280900078894
o3,9,predic,43.16031720510983,47.27717104236267,39.04346336785697
o3,9,observed,52.07138845009502,47.27717104236267,39.04346336785697
o3,10,predic,41.233912673102516,45.04543779743477,37.42238754877026
o3,10,observed,50.68946275061284,45.04543779743477,37.42238754877026
o3,11,predic,41.33508538943528,44.96627963316704,37.70389114570352
o3,11,observed,51.31395460146503,44.96627963316704,37.70389114570352
o3,12,predic,41.408421498183145,44.927425172173216,37.88941782419308
o3,12,observed,51.67460944302717,44.927425172173216,37.88941782419308
o3,13,predic,41.557024642185866,45.10233792092975,38.011711363441975
o3,13,observed,50.63514061319043,45.10233792092975,38.011711363441975
o3,14,predic,41.61176935405155,45.29525032271942,37.928288385383674
o3,14,observed,49.531921912616895,45.29525032271942,37.928288385383674
o3,15,predic,41.66382574559838,45.476299004054034,37.85135248714273
o3,15,observed,48.44275312365116,45.476299004054034,37.85135248714273
o3,16,predic,42.09438476151483,45.89458689719723,38.29418262583243
o3,16,observed,47.49261288858472,45.89458689719723,38.29418262583243
o3,17,predic,43.031849133232384,46.68369791174578,39.380000354718966
o3,17,observed,47.41678119213766,46.68369791174578,39.380000354718966
o3,18,predic,43.50080764438605,46.88098134881792,40.12063393995419
o3,18,observed,49.24404208213672,46.88098134881792,40.12063393995419
o3,19,predic,40.76903674845338,43.83584145195558,37.70223204495116
o3,19,observed,47.24635891626853,43.83584145195558,37.70223204495116
o3,20,predic,41.79344291794036,44.89638966419104,38.690496171689674
o3,20,observed,48.5447722709121,44.89638966419104,38.690496171689674
o3,21,predic,46.29997884441725,49.7487471747484,42.85121051408609
o3,21,observed,53.54960812852172,49.7487471747484,42.85121051408609
o3,22,predic,46.35566931004633,50.00896550982345,42.70237311026922
o3,22,observed,53.16638867648925,50.00896550982345,42.70237311026922
o3,23,predic,45.85501250054229,49.79338699538304,41.91663800570154
o3,23,observed,51.58436471580145,49.79338699538304,41.91663800570154
o3,24,predic,44.76212031833075,48.70513319676385,40.81910743989765
o3,24,observed,49.06437483456062,48.70513319676385,40.81910743989765
o3,25,predic,43.55415158488082,47.373668886646364,39.7346342831153
o3,25,observed,48.67275299688369,47.373668886646364,39.7346342831153
o3,26,predic,43.01630324184523,46.76578687999853,39.26681960369192
o3,26,observed,48.46409004444995,46.76578687999853,39.26681960369192
o3,27,predic,43.51333600301287,47.19466156482647,39.83201044119927
o3,27,observed,49.46139121637336,47.19466156482647,39.83201044119927
o3,28,predic,44.45174832298236,48.13197533463482,40.7715213113299
o3,28,observed,50.455043450009214,48.13197533463482,40.7715213113299
o3,29,predic,45.513051013324045,49.0959012998216,41.930200726826484
o3,29,observed,52.48459034430713,49.0959012998216,41.930200726826484
o3,30,predic,46.245096797733495,49.79499869873591,42.695194896731074
o3,30,observed,53.509087207321464,49.79499869873591,42.695194896731074
o3,31,predic,46.4207752618351,49.92003408570266,42.921516437967526
o3,31,observed,55.216015563922,49.92003408570266,42.921516437967526
o3,32,predic,46.75086918472181,50.246061216848084,43.255677152595545
o3,32,observed,56.57627383375041,50.246061216848084,43.255677152595545
o3,33,predic,47.44503502795873,50.89700514118414,43.99306491473331
o3,33,observed,57.654209598238474,50.89700514118414,43.99306491473331
o3,34,predic,47.10362334065967,50.64762701218045,43.559619669138876
o3,34,observed,57.158019571821214,50.64762701218045,43.559619669138876
o3,35,predic,47.7528532741279,51.474712488008855,44.03099406024694
o3,35,observed,57.24382287145191,51.474712488008855,44.03099406024694
o3,36,predic,48.74060835642633,52.665754863287496,44.815461849565175
o3,36,observed,56.41554268122611,52.665754863287496,44.815461849565175
o3,37,predic,48.36341874765544,52.18320657502787,44.543630920283015
o3,37,observed,54.02501004571346,52.18320657502787,44.543630920283015
o3,38,predic,48.752188813278565,52.50810340277584,44.9962742237813
o3,38,observed,52.790026918336054,52.50810340277584,44.9962742237813
o3,39,predic,48.82870158381189,52.43885636668001,45.218546800943784
o3,39,observed,51.90484015930539,52.43885636668001,45.218546800943784
o3,40,predic,44.8549850829859,48.05645027111061,41.65351989486118
o3,40,observed,47.79414786550751,48.05645027111061,41.65351989486118
o3,41,predic,45.08104616768455,48.25304562702552,41.909046708343595
o3,41,observed,48.21877856589801,48.25304562702552,41.909046708343595
o3,42,predic,48.56445010556729,51.982795457082254,45.14610475405231
o3,42,observed,52.519134706545316,51.982795457082254,45.14610475405231
o3,43,predic,48.770738554590444,52.23828699294283,45.303190116238056
o3,43,observed,53.540544348674665,52.23828699294283,45.303190116238056
o3,44,predic,49.51358319729456,52.98683894379526,46.04032745079387
o3,44,observed,54.404935478569314,52.98683894379526,46.04032745079387
o3,45,predic,46.184465976856174,49.422465708362544,42.94646624534982
o3,45,observed,50.11724022508578,49.422465708362544,42.94646624534982
o3,46,predic,50.86537410396565,54.53547243178764,47.19527577614367
o3,46,observed,54.223852367109295,54.53547243178764,47.19527577614367
o3,47,predic,51.4846410860232,54.976044039512736,47.99323813253367
o3,47,observed,53.72072580784742,54.976044039512736,47.99323813253367
o3,48,predic,51.83275485167016,55.30034219085768,48.36516751248263
o3,48,observed,53.655554122753735,55.30034219085768,48.36516751248263
o3,49,predic,51.71354129367518,55.18500452768858,48.2420780596618
o3,49,observed,53.2359365008476,55.18500452768858,48.2420780596618
o3,50,predic,54.18640455027643,57.75337501287523,50.61943408767765
o3,50,observed,54.697693335178656,57.75337501287523,50.61943408767765
o3,51,predic,54.740107139402575,58.04155211521891,51.438662163586244
o3,51,observed,55.46530152357264,58.04155211521891,51.438662163586244
o3,52,predic,54.474468362862886,57.86200552091545,51.08693120481033
o3,52,observed,54.966442766782286,57.86200552091545,51.08693120481033
o3,53,predic,51.05161642713799,54.16624940249216,47.936983451783824
o3,53,observed,51.38976549609265,54.16624940249216,47.936983451783824
o3,54,predic,57.30537334488233,60.65822975242091,53.95251693734374
o3,54,observed,57.389021295650565,60.65822975242091,53.95251693734374
o3,55,predic,57.0343646327159,60.37633356233319,53.69239570309861
o3,55,observed,57.79029321725414,60.37633356233319,53.69239570309861
o3,56,predic,58.73880673868823,62.21649526101181,55.26111821636465
o3,56,observed,59.62884923921717,62.21649526101181,55.26111821636465
o3,57,predic,88.80353144255005,94.33162533412508,83.275437550975
o3,57,observed,99.6981701717908,94.33162533412508,83.275437550975
o3,58,predic,53.94691072518898,57.174855890338115,50.718965560039855
o3,58,observed,56.69500970466949,57.174855890338115,50.718965560039855
o3,59,predic,53.84825328882978,57.228723035271905,50.46778354238765
o3,59,observed,57.906235954310546,57.228723035271905,50.46778354238765
o3,60,predic,53.13645098303404,56.49510312943308,49.777798836634965
o3,60,observed,58.485742762364254,56.49510312943308,49.777798836634965
o3,61,predic,57.50355947315563,61.35890868004093,53.648210266270354
o3,61,observed,64.5186589086959,61.35890868004093,53.648210266270354
o3,62,predic,57.00209928602953,61.10622964532649,52.89796892673257
o3,62,observed,66.37543685699355,61.10622964532649,52.89796892673257
o3,63,predic,56.822531530029465,61.13553116913154,52.509531890927406
o3,63,observed,65.5964228751576,61.13553116913154,52.509531890927406
o3,64,predic,56.99207153215234,61.45711988682704,52.52702317747765
o3,64,observed,63.343250917810956,61.45711988682704,52.52702317747765
o3,65,predic,57.17552735842604,61.788689288384,52.56236542846807
o3,65,observed,61.034718010486905,61.788689288384,52.56236542846807
o3,66,predic,56.89748260666821,61.45437545574169,52.34058975759475
o3,66,observed,58.631582399452235,61.45437545574169,52.34058975759475
o3,67,predic,57.23820619437886,61.70869522858727,52.76771716017047
o3,67,observed,56.05105515758995,61.70869522858727,52.76771716017047
o3,68,predic,57.96386691939238,62.30758176739098,53.62015207139377
o3,68,observed,54.80299214944405,62.30758176739098,53.62015207139377
o3,69,predic,58.95454498840353,63.26734857655355,54.6417414002535
o3,69,observed,55.61678292232062,63.26734857655355,54.6417414002535
o3,70,predic,59.93043184042593,64.2029864844535,55.65787719639836
o3,70,observed,57.66502890687351,64.2029864844535,55.65787719639836
o3,71,predic,61.6523701837056,65.78117248798787,57.5235678794233
o3,71,observed,59.233989610357725,65.78117248798787,57.5235678794233
o3,72,predic,62.522328445144346,66.53656871543102,58.50808817485766
o3,72,observed,60.6035541582648,66.53656871543102,58.50808817485766
o3,73,predic,63.173151991069915,67.09225074098208,59.25405324115775
o3,73,observed,62.76495144970826,67.09225074098208,59.25405324115775
o3,74,predic,63.55277882441725,67.36325002395547,59.74230762487903
o3,74,observed,64.67401248255774,67.36325002395547,59.74230762487903
o3,75,predic,63.94774735692121,67.83199939819023,60.063495315652204
o3,75,observed,64.32068590918648,67.83199939819023,60.063495315652204
o3,76,predic,63.97200857208467,67.82188641464963,60.122130729519704
o3,76,observed,66.26009031397783,67.82188641464963,60.122130729519704
o3,77,predic,108.0451336439985,114.93118635775531,101.15908093024169
o3,77,observed,121.01989209067149,114.93118635775531,101.15908093024169
o3,78,predic,107.34691851475041,114.43097627194452,100.26286075755631
o3,78,observed,124.69198802823144,114.43097627194452,100.26286075755631
o3,79,predic,107.30218566571213,114.8088116923649,99.79555963905935
o3,79,observed,124.58844157516405,114.8088116923649,99.79555963905935
o3,80,predic,107.21794373684104,114.77901653618592,99.65687093749614
o3,80,observed,123.83518252861118,114.77901653618592,99.65687093749614
o3,81,predic,109.15026160344566,117.05461642337985,101.24590678351149
o3,81,observed,125.22340825689837,117.05461642337985,101.24590678351149
o3,82,predic,112.36720555219775,120.17596803156208,104.55844307283343
o3,82,observed,127.4282925656493,120.17596803156208,104.55844307283343
o3,83,predic,115.34726993589227,123.05794928968612,107.63659058209849
o3,83,observed,131.61378759403152,123.05794928968612,107.63659058209849
o3,84,predic,119.17999752188646,126.57228368260776,111.78771136116515
o3,84,observed,142.8361209096287,126.57228368260776,111.78771136116515
o3,85,predic,120.04410451436293,127.26412193906627,112.82408708965957
o3,85,observed,148.36063474985167,127.26412193906627,112.82408708965957
o3,86,predic,116.93657530525994,124.18902265340115,109.68412795711865
o3,86,observed,147.75753830380978,124.18902265340115,109.68412795711865
o3,87,predic,115.6550782482324,122.99895438601936,108.31120211044542
o3,87,observed,143.84527243807844,122.99895438601936,108.31120211044542
o3,88,predic,113.40825458851282,120.66049764045002,106.15601153657558
o3,88,observed,137.69389536106107,120.66049764045002,106.15601153657558
o3,89,predic,111.54974343457522,119.21606625538247,103.88342061376798
o3,89,observed,128.1635482113014,119.21606625538247,103.88342061376798
o3,90,predic,110.51842281473981,118.67620790216472,102.36063772731487
o3,90,observed,119.2824855046614,118.67620790216472,102.36063772731487
o3,91,predic,112.10896377387061,120.22448636923716,103.9934411785041
o3,91,observed,114.25273400045526,120.22448636923716,103.9934411785041
o3,92,predic,113.17205566821917,121.37545324402211,104.96865809241622
o3,92,observed,111.02473878011165,121.37545324402211,104.96865809241622
o3,94,predic,115.74753065007026,124.2615362237012,107.23352507643926
o3,94,observed,113.12677613711989,124.2615362237012,107.23352507643926
o3,95,predic,118.42848317841717,126.946050352834,109.91091600400031
o3,95,observed,120.37505476846914,126.946050352834,109.91091600400031
o3,96,predic,121.23513485015492,129.70097058403988,112.76929911626993
o3,96,observed,131.70047905024484,129.70097058403988,112.76929911626993
o3,97,predic,123.07792754362268,131.46919972479168,114.68665536245365
o3,97,observed,144.6238669206089,131.46919972479168,114.68665536245365
o3,98,predic,123.71054737990892,132.16675835374676,115.25433640607108
o3,98,observed,158.3759848204015,132.16675835374676,115.25433640607108
o3,99,predic,124.67853221186502,133.30135763692007,116.05570678680992
o3,99,observed,165.08302275800602,133.30135763692007,116.05570678680992
o3,100,predic,124.98907235642285,133.4739942339052,116.50415047894049
o3,100,observed,166.6669071321721,133.4739942339052,116.50415047894049
o3,101,predic,125.76106491989714,133.94594674052433,117.57618309926995
o3,101,observed,166.86967507562923,133.94594674052433,117.57618309926995
o3,102,predic,123.8708701614026,131.8705237972396,115.87121652556566
o3,102,observed,163.1289728620057,131.8705237972396,115.87121652556566
o3,103,predic,122.46768361115463,130.35815877239082,114.5772084499184
o3,103,observed,153.73278724829117,130.35815877239082,114.5772084499184
o3,104,predic,119.63951295805687,127.32938248444434,111.94964343166944
o3,104,observed,144.10187337568283,127.32938248444434,111.94964343166944
o3,105,predic,115.86142996839162,124.50330079373813,107.2195591430451
o3,105,observed,137.89733152682857,124.50330079373813,107.2195591430451
o3,106,predic,112.69484656001676,122.3708848154773,103.0188083045562
o3,106,observed,127.94187240666797,122.3708848154773,103.0188083045562
o3,107,predic,113.20532293404088,123.30551455298561,103.1051313150961
o3,107,observed,118.38616273568789,123.30551455298561,103.1051313150961
o3,108,predic,114.6945793739437,124.5750926472588,104.81406610062861
o3,108,observed,115.29284014011368,124.5750926472588,104.81406610062861
o3,109,predic,118.32326459549157,127.95601577050577,108.69051342047733
o3,109,observed,118.10083636354291,127.95601577050577,108.69051342047733
o3,110,predic,124.73990894279491,133.54501137271262,115.9348065128772
o3,110,observed,120.29454396841577,133.54501137271262,115.9348065128772
o3,112,predic,126.92338493186044,134.87037657235737,118.97639329136352
o3,112,observed,129.32352562224722,134.87037657235737,118.97639329136352
pm25,-87,predic,55.25253051545635,67.14907173974501,43.35598929116767
pm25,-87,observed,40.74486007165764,67.14907173974501,43.35598929116767
pm25,-86,predic,48.210527664118416,62.18575371957754,34.23530160865931
pm25,-86,observed,37.474933000266205,62.18575371957754,34.23530160865931
pm25,-85,predic,31.47208863484205,41.61892315644873,21.325254113235374
pm25,-85,observed,30.38736971385699,41.61892315644873,21.325254113235374
pm25,-84,predic,26.154711969088854,36.456800571056874,15.852623367120842
pm25,-84,observed,24.99405842705814,36.456800571056874,15.852623367120842
pm25,-83,predic,23.39955629576177,34.30777187638479,12.491340715138747
pm25,-83,observed,26.150905760006115,34.30777187638479,12.491340715138747
pm25,-82,predic,25.92618828629489,34.65389408255328,17.198482490036493
pm25,-82,observed,29.46373733080108,34.65389408255328,17.198482490036493
pm25,-81,predic,27.063094186300606,34.86462249195807,19.261565880643136
pm25,-81,observed,32.68558159463004,34.86462249195807,19.261565880643136
pm25,-80,predic,24.257359627332402,32.23392870985257,16.280790544812234
pm25,-80,observed,30.72622652316045,32.23392870985257,16.280790544812234
pm25,-79,predic,26.020239747753507,34.91738533797002,17.123094157536997
pm25,-79,observed,30.809613320254254,34.91738533797002,17.123094157536997
pm25,-78,predic,25.482018302833037,34.87043541061407,16.093601195052006
pm25,-78,observed,29.313016780841803,34.87043541061407,16.093601195052006
pm25,-77,predic,26.270007696345917,35.01736901239957,17.522646380292265
pm25,-77,observed,31.33670185990748,35.01736901239957,17.522646380292265
pm25,-76,predic,23.40197252879584,31.89637352053495,14.907571537056736
pm25,-76,observed,27.333863798621135,31.89637352053495,14.907571537056736
pm25,-75,predic,27.261461450035004,35.134519303093796,19.388403596976218
pm25,-75,observed,28.08092187030407,35.134519303093796,19.388403596976218
pm25,-74,predic,21.12365205837382,26.293801249872146,15.953502866875496
pm25,-74,observed,19.86315994287074,26.293801249872146,15.953502866875496
pm25,-73,predic,21.784739688486987,26.32781606197964,17.24166331499434
pm25,-73,observed,19.983736717387195,26.32781606197964,17.24166331499434
pm25,-72,predic,19.585966198029094,24.2346725049348,14.937259891123393
pm25,-72,observed,17.708405470682468,24.2346725049348,14.937259891123393
pm25,-71,predic,24.060265009365125,28.743081496296995,19.377448522433255
pm25,-71,observed,21.50132720042608,28.743081496296995,19.377448522433255
pm25,-70,predic,25.178866157083064,29.76360041762614,20.594131896539984
pm25,-70,observed,23.213087914920056,29.76360041762614,20.594131896539984
pm25,-69,predic,22.295661332631532,26.58501090122905,18.00631176403402
pm25,-69,observed,22.68332231670159,26.58501090122905,18.00631176403402
pm25,-68,predic,21.926757421328727,26.272396362321967,17.581118480335487
pm25,-68,observed,23.143409812314797,26.272396362321967,17.581118480335487
pm25,-67,predic,22.479394218866044,26.84612066500475,18.11266777272734
pm25,-67,observed,21.327967190807215,26.84612066500475,18.11266777272734
pm25,-66,predic,20.99331718494229,24.82876051611331,17.157873853771267
pm25,-66,observed,20.81151942172845,24.82876051611331,17.157873853771267
pm25,-65,predic,19.967862532809363,23.89549211960775,16.04023294601097
pm25,-65,observed,20.37056948793785,23.89549211960775,16.04023294601097
pm25,-64,predic,19.014477688216786,23.00915373913076,15.019801637302809
pm25,-64,observed,18.765032104967133,23.00915373913076,15.019801637302809
pm25,-63,predic,18.62743578635373,22.805596941899655,14.449274630807803
pm25,-63,observed,17.871701054952567,22.805596941899655,14.449274630807803
pm25,-62,predic,17.68415456999926,22.154397246055574,13.213911893942953
pm25,-62,observed,18.790225438644928,22.154397246055574,13.213911893942953
pm25,-61,predic,21.538275783495834,26.14422830375643,16.93232326323524
pm25,-61,observed,20.431871844162995,26.14422830375643,16.93232326323524
pm25,-60,predic,19.041730564927715,23.509535328727406,14.573925801128022
pm25,-60,observed,19.379381862098313,23.509535328727406,14.573925801128022
pm25,-59,predic,19.45764347473878,24.04776698103652,14.867519968441039
pm25,-59,observed,19.852716985688748,24.04776698103652,14.867519968441039
pm25,-58,predic,27.068462746268946,30.923009529778742,23.213915962759152
pm25,-58,observed,32.2013390326094,30.923009529778742,23.213915962759152
pm25,-57,predic,37.95386657672421,42.754384646437465,33.15334850701093
pm25,-57,observed,47.16356768195949,42.754384646437465,33.15334850701093
pm25,-56,predic,49.582529179409015,55.2098195135413,43.955238845276725
pm25,-56,observed,57.88502192441459,55.2098195135413,43.955238845276725
pm25,-55,predic,61.5470609093251,67.92279916914474,55.17132264950547
pm25,-55,observed,69.57569811052495,67.92279916914474,55.17132264950547
pm25,-54,predic,74.34455571770445,81.4479444058412,67.24116702956772
pm25,-54,observed,80.82478498796725,81.4479444058412,67.24116702956772
pm25,-53,predic,74.3791114676484,81.38663076595185,67.37159216934494
pm25,-53,observed,75.00479096865118,81.38663076595185,67.37159216934494
pm25,-52,predic,74.04351409788151,81.21466943661913,66.87235875914389
pm25,-52,observed,70.58791173943372,81.21466943661913,66.87235875914389
pm25,-51,predic,73.26422525168009,80.46140371778024,66.06704678557998
pm25,-51,observed,70.27257127758466,80.46140371778024,66.06704678557998
pm25,-50,predic,71.9135454707234,79.15920846107574,64.66788248037109
pm25,-50,observed,66.94880548412104,79.15920846107574,64.66788248037109
pm25,-49,predic,69.9396001787936,77.12826375395103,62.7509366036362
pm25,-49,observed,65.05868634441103,77.12826375395103,62.7509366036362
pm25,-48,predic,70.54184713076184,77.47629130674439,63.60740295477931
pm25,-48,observed,65.57851452388786,77.47629130674439,63.60740295477931
pm25,-47,predic,74.69651381896341,81.35075206554147,68.04227557238536
pm25,-47,observed,69.24370400947981,81.35075206554147,68.04227557238536
pm25,-46,predic,75.65271797120755,82.19236366027673,69.1130722821384
pm25,-46,observed,72.98383219835334,82.19236366027673,69.1130722821384
pm25,-45,predic,75.50371800876209,82.0885082720404,68.9189277454838
pm25,-45,observed,76.7350042776924,82.0885082720404,68.9189277454838
pm25,-44,predic,74.92251903305362,81.40409585789578,68.44094220821147
pm25,-44,observed,77.76193479596527,81.40409585789578,68.44094220821147
pm25,-43,predic,76.21613813663359,82.61730971470978,69.81496655855743
pm25,-43,observed,77.9069493972691,82.61730971470978,69.81496655855743
pm25,-42,predic,67.5640636223764,74.67397538539171,60.45415185936109
pm25,-42,observed,68.51489932497174,74.67397538539171,60.45415185936109
pm25,-41,predic,65.58348497242493,72.35995428057697,58.80701566427286
pm25,-41,observed,62.773130463978255,72.35995428057697,58.80701566427286
pm25,-40,predic,65.56896739389965,72.20332223803523,58.93461254976406
pm25,-40,observed,59.30718928456685,72.20332223803523,58.93461254976406
pm25,-39,predic,66.16407412187951,72.8285853275209,59.49956291623811
pm25,-39,observed,58.134788860371174,72.8285853275209,59.49956291623811
pm25,-38,predic,68.59780408722517,74.71470020324308,62.48090797120725
pm25,-38,observed,60.86698518412599,74.71470020324308,62.48090797120725
pm25,-37,predic,68.63780063649543,74.55790800789694,62.717693265093935
pm25,-37,observed,63.370776774435804,74.55790800789694,62.717693265093935
pm25,-36,predic,68.45586327298635,74.40170588644793,62.51002065952478
pm25,-36,observed,63.253725564192315,74.40170588644793,62.51002065952478
pm25,-35,predic,68.86328311815153,74.83004244579807,62.896523790504986
pm25,-35,observed,63.509161290674996,74.83004244579807,62.896523790504986
pm25,-34,predic,70.0590629453611,76.0189751917534,64.09915069896881
pm25,-34,observed,65.34497723854498,76.0189751917534,64.09915069896881
pm25,-33,predic,70.01703289318026,76.04449223106204,63.98957355529846
pm25,-33,observed,66.51495300958325,76.04449223106204,63.98957355529846
pm25,-32,predic,71.04991019979427,77.24601278121989,64.85380761836866
pm25,-32,observed,67.58290567882894,77.24601278121989,64.85380761836866
pm25,-31,predic,70.77439164756765,77.42213581997056,64.12664747516473
pm25,-31,observed,67.93854852673627,77.42213581997056,64.12664747516473
pm25,-30,predic,67.37464710273343,74.16471513948765,60.58457906597921
pm25,-30,observed,64.59676655796692,74.16471513948765,60.58457906597921
pm25,-29,predic,64.32988026503013,71.36547188594118,57.29428864411909
pm25,-29,observed,60.288838862541425,71.36547188594118,57.29428864411909
pm25,-28,predic,63.31503430913832,70.66801310134453,55.9620555169321
pm25,-28,observed,55.08637738661651,70.66801310134453,55.9620555169321
pm25,-27,predic,62.13408289836987,69.44288281779393,54.825282978945786
pm25,-27,observed,50.51240098715933,69.44288281779393,54.825282978945786
pm25,-26,predic,63.16155578262789,70.15333691674162,56.16977464851418
pm25,-26,observed,49.63772032465336,70.15333691674162,56.16977464851418
pm25,-25,predic,64.43771874883227,71.18769383055817,57.68774366710638
pm25,-25,observed,52.32193582249843,71.18769383055817,57.68774366710638
pm25,-24,predic,64.9476586696964,71.50882798717811,58.38648935221471
pm25,-24,observed,56.16535640522898,71.50882798717811,58.38648935221471
pm25,-23,predic,63.57082756637633,70.21087715725108,56.9307779755016
pm25,-23,observed,57.767624693816536,70.21087715725108,56.9307779755016
pm25,-22,predic,57.593950357999304,63.19428719431043,51.99361352168818
pm25,-22,observed,50.236685149457884,63.19428719431043,51.99361352168818
pm25,-21,predic,59.959704259239075,65.73906088553723,54.18034763294093
pm25,-21,observed,54.0388857635463,65.73906088553723,54.18034763294093
pm25,-20,predic,60.97984555568719,66.96408063548179,54.99561047589259
pm25,-20,observed,58.232771154532536,66.96408063548179,54.99561047589259
pm25,-19,predic,62.667859066947635,68.82425195600725,56.51146617788803
pm25,-19,observed,59.77249517819985,68.82425195600725,56.51146617788803
pm25,-18,predic,65.09190105234764,71.14809635561956,59.03570574907571
pm25,-18,observed,61.73676418868251,71.14809635561956,59.03570574907571
pm25,-17,predic,66.02873661020645,71.90284962070265,60.15462359971025
pm25,-17,observed,64.4558505102218,71.90284962070265,60.15462359971025
pm25,-16,predic,64.7645829563665,70.56688558712847,58.96228032560452
pm25,-16,observed,63.99914968192593,70.56688558712847,58.96228032560452
pm25,-15,predic,64.53566671272345,70.24623297411584,58.82510045133106
pm25,-15,observed,61.076878000368744,70.24623297411584,58.82510045133106
pm25,-14,predic,65.04497267826564,70.73492229964074,59.35502305689054
pm25,-14,observed,59.384482183189014,70.73492229964074,59.35502305689054
pm25,-13,predic,65.64455097220588,71.10723404175558,60.18186790265618
pm25,-13,observed,57.382605703984396,71.10723404175558,60.18186790265618
pm25,-12,predic,66.3211296131832,71.58446109435279,61.05779813201361
pm25,-12,observed,56.34752214254879,71.58446109435279,61.05779813201361
pm25,-11,predic,68.66885393153794,73.67304538055016,63.66466248252571
pm25,-11,observed,57.10194487779596,73.67304538055016,63.66466248252571
pm25,-10,predic,71.74704271646138,76.6365217865739,66.85756364634884
pm25,-10,observed,58.89770023426631,76.6365217865739,66.85756364634884
pm25,-9,predic,70.10522138716594,75.23663602267445,64.97380675165743
pm25,-9,observed,61.0798018870671,75.23663602267445,64.97380675165743
pm25,-8,predic,67.14992260558557,72.4899582395855,61.80988697158566
pm25,-8,observed,62.21172428505856,72.4899582395855,61.80988697158566
pm25,-7,predic,63.24856015867505,68.87360165686844,57.62351866048163
pm25,-7,observed,60.330905682878814,68.87360165686844,57.62351866048163
pm25,-6,predic,60.14905905616967,65.98401501548919,54.314103096850154
pm25,-6,observed,57.97144619650422,65.98401501548919,54.314103096850154
pm25,-5,predic,57.11909422082214,62.995358948226595,51.24282949341769
pm25,-5,observed,57.368014063173675,62.995358948226595,51.24282949341769
pm25,-4,predic,58.29294504371515,63.709681505775535,52.87620858165476
pm25,-4,observed,55.06476165161473,63.709681505775535,52.87620858165476
pm25,-3,predic,61.195787144404036,66.48676074348688,55.90481354532118
pm25,-3,observed,54.54573586428461,66.48676074348688,55.90481354532118
pm25,-2,predic,62.647144050815754,68.01750330070654,57.276784800924965
pm25,-2,observed,56.14420667592729,68.01750330070654,57.276784800924965
pm25,-1,predic,63.37039238461514,68.90805759282924,57.83272717640102
pm25,-1,observed,56.87427356093683,68.90805759282924,57.83272717640102
pm25,0,predic,62.01184028626009,67.76674960735106,56.256930965169126
pm25,0,observed,55.90247961188355,67.76674960735106,56.256930965169126
pm25,1,predic,60.470462716331326,66.63583778848209,54.30508764418055
pm25,1,observed,55.40502412089751,66.63583778848209,54.30508764418055
pm25,2,predic,58.211672427053855,64.7120641142885,51.711280739819195
pm25,2,observed,53.564889408352684,64.7120641142885,51.711280739819195
pm25,3,predic,58.01491120777446,64.4544178546097,51.575404560939226
pm25,3,observed,52.623153166367274,64.4544178546097,51.575404560939226
pm25,4,predic,58.29358969031079,64.6369900107451,51.9501893698765
pm25,4,observed,51.39379757497901,64.6369900107451,51.9501893698765
pm25,5,predic,57.970111917030344,64.34445353248944,51.59577030157124
pm25,5,observed,49.400887964077256,64.34445353248944,51.59577030157124
pm25,6,predic,56.309007461778734,62.83723104563958,49.78078387791791
pm25,6,observed,47.177081776497616,62.83723104563958,49.78078387791791
pm25,7,predic,53.517381698203636,60.29767042405551,46.73709297235177
pm25,7,observed,44.8525751817734,60.29767042405551,46.73709297235177
pm25,8,predic,51.463461109260344,58.49391221829562,44.43301000022506
pm25,8,observed,42.25493748539165,58.49391221829562,44.43301000022506
pm25,9,predic,50.61373424181889,57.982942441940324,43.24452604169744
pm25,9,observed,42.23057894515833,57.982942441940324,43.24452604169744
pm25,10,predic,49.73722752721467,56.71250117765857,42.76195387677076
pm25,10,observed,39.622410613286235,56.71250117765857,42.76195387677076
pm25,11,predic,52.131414408302284,58.83873374193572,45.42409507466886
pm25,11,observed,40.34970249928352,58.83873374193572,45.42409507466886
pm25,12,predic,51.81298909960925,58.250843403772464,45.37513479544604
pm25,12,observed,40.29204433173081,58.250843403772464,45.37513479544604
pm25,13,predic,50.539733753330765,56.74261321814528,44.33685428851624
pm25,13,observed,39.73365808455187,56.74261321814528,44.33685428851624
pm25,14,predic,51.03488135225581,57.33023726417822,44.73952544033341
pm25,14,observed,38.28503637579842,57.33023726417822,44.73952544033341
pm25,15,predic,49.957362075240276,56.385313925675476,43.529410224805105
pm25,15,observed,37.76053617865592,56.385313925675476,43.529410224805105
pm25,16,predic,49.65668545422687,56.102947468600284,43.21042343985346
pm25,16,observed,37.39688809009646,56.102947468600284,43.21042343985346
pm25,17,predic,51.5705198902647,57.64862842628604,45.49241135424335
pm25,17,observed,38.619759456562804,57.64862842628604,45.49241135424335
pm25,18,predic,54.944941975492114,60.74766438044791,49.14221957053631
pm25,18,observed,41.07923270658892,60.74766438044791,49.14221957053631
pm25,19,predic,55.04481354525022,60.64663041036575,49.44299668013469
pm25,19,observed,42.73366742340497,60.64663041036575,49.44299668013469
pm25,20,predic,56.75532684861304,62.330829290936244,51.17982440628983
pm25,20,observed,45.52934854637512,62.330829290936244,51.17982440628983
pm25,21,predic,57.608251452191645,63.25011819547717,51.96638470890611
pm25,21,observed,46.21228225174679,63.25011819547717,51.96638470890611
pm25,22,predic,57.385810395867196,63.16396356387576,51.60765722785865
pm25,22,observed,46.277978551454886,63.16396356387576,51.60765722785865
pm25,23,predic,54.780634421979926,60.708207834300424,48.85306100965941
pm25,23,observed,42.147641463373745,60.708207834300424,48.85306100965941
pm25,24,predic,55.33102247075207,61.34431460655264,49.31773033495148
pm25,24,observed,40.0763109730407,61.34431460655264,49.31773033495148
pm25,25,predic,55.646286787384895,61.67337540670805,49.619198168061764
pm25,25,observed,36.788425700072196,61.67337540670805,49.619198168061764
pm25,26,predic,54.85506406770557,60.99062093981821,48.719507195592946
pm25,26,observed,34.314825073358605,60.99062093981821,48.719507195592946
pm25,27,predic,54.55280927808539,60.979792877612404,48.12582567855837
pm25,27,observed,32.292385924391354,60.979792877612404,48.12582567855837
pm25,28,predic,54.48074802650015,61.58783986602534,47.37365618697496
pm25,28,observed,32.71200457367623,61.58783986602534,47.37365618697496
pm25,29,predic,53.031295467491454,60.06520527825659,45.997385656726316
pm25,29,observed,32.58417906287788,60.06520527825659,45.997385656726316
pm25,30,predic,52.97941099891465,59.95308369098643,46.005738306842865
pm25,30,observed,31.638122438127873,59.95308369098643,46.005738306842865
pm25,31,predic,54.277652574338504,61.099355842791304,47.455949305885696
pm25,31,observed,31.76166606506755,61.099355842791304,47.455949305885696
pm25,32,predic,56.45403739784469,62.947194499986914,49.96088029570243
pm25,32,observed,32.88141085852307,62.947194499986914,49.96088029570243
pm25,33,predic,57.09363706146734,63.10861776322827,51.07865635970641
pm25,33,observed,34.74145581092538,63.10861776322827,51.07865635970641
pm25,34,predic,57.26289547962247,63.382010302199554,51.14378065704539
pm25,34,observed,36.43216006560308,63.382010302199554,51.14378065704539
pm25,35,predic,56.63708969747804,63.026997635604495,50.247181759351584
pm25,35,observed,38.62296612710114,63.026997635604495,50.247181759351584
pm25,36,predic,56.15612628264844,62.59941142356269,49.71284114173418
pm25,36,observed,40.79144029839959,62.59941142356269,49.71284114173418
pm25,37,predic,55.06728926927534,61.40948155450913,48.72509698404155
pm25,37,observed,41.58200281126885,61.40948155450913,48.72509698404155
pm25,38,predic,55.85040886467539,61.91092737228973,49.789890357061026
pm25,38,observed,41.34360064548287,61.91092737228973,49.789890357061026
pm25,39,predic,56.685210859113624,62.50602240938419,50.86439930884305
pm25,39,observed,40.896722371758294,62.50602240938419,50.86439930884305
pm25,40,predic,57.78129959737481,62.86738011505457,52.69521907969506
pm25,40,observed,40.65157984072791,62.86738011505457,52.69521907969506
pm25,41,predic,52.74690432566784,58.332416000384455,47.16139265095124
pm25,41,observed,39.82384422384216,58.332416000384455,47.16139265095124
pm25,42,predic,51.943877259235684,57.51371146201304,46.374043056458326
pm25,42,observed,40.3365479318261,57.51371146201304,46.374043056458326
pm25,43,predic,51.54961271539734,57.1232572700798,45.975968160714864
pm25,43,observed,42.387470537459066,57.1232572700798,45.975968160714864
pm25,44,predic,52.30936923249092,57.88240354700883,46.736334917973004
pm25,44,observed,45.61040922607777,57.88240354700883,46.736334917973004
pm25,45,predic,54.47911844376371,59.99025737398542,48.967979513541984
pm25,45,observed,50.16506243330039,59.99025737398542,48.967979513541984
pm25,46,predic,57.63448988453006,62.88495876079904,52.38402100826108
pm25,46,observed,53.173885784904755,62.88495876079904,52.38402100826108
pm25,47,predic,58.31584250400121,64.13571447454895,52.49597053345349
pm25,47,observed,54.7754574737777,64.13571447454895,52.49597053345349
pm25,48,predic,55.47696681498523,60.69298203293505,50.26095159703541
pm25,48,observed,53.48448360116045,60.69298203293505,50.26095159703541
pm25,49,predic,53.766056102067644,59.16494313624821,48.3671690678871
pm25,49,observed,51.03395523930957,59.16494313624821,48.3671690678871
pm25,50,predic,53.964432438505916,59.630936920877225,48.297927956134615
pm25,50,observed,47.343427138374146,59.630936920877225,48.297927956134615
pm25,51,predic,52.14867471881476,57.46689331283603,46.83045612479349
pm25,51,observed,45.444884517583255,57.46689331283603,46.83045612479349
pm25,52,predic,53.13075604478337,58.825388897272155,47.436123192294595
pm25,52,observed,44.50724070824271,58.825388897272155,47.436123192294595
pm25,53,predic,53.81309097068357,59.32370494051972,48.302477000847425
pm25,53,observed,40.10114555985414,59.32370494051972,48.302477000847425
pm25,54,predic,53.46403396071072,58.993350250929275,47.934717670492184
pm25,54,observed,39.6733993367245,58.993350250929275,47.934717670492184
pm25,55,predic,52.93758856283973,58.59642932868007,47.27874779699939
pm25,55,observed,39.830688314108684,58.59642932868007,47.27874779699939
pm25,56,predic,53.143025069999325,58.93982982130474,47.34622031869392
pm25,56,observed,38.105314184713585,58.93982982130474,47.34622031869392
pm25,57,predic,41.471648657923595,44.31387008721717,38.62942722863002
pm25,57,observed,25.4429366545849,44.31387008721717,38.62942722863002
pm25,58,predic,52.36184553851483,58.24930016765019,46.474390909379466
pm25,58,observed,35.658940589344745,58.24930016765019,46.474390909379466
pm25,59,predic,49.86053120230769,55.98831871641731,43.73274368819807
pm25,59,observed,34.66681118275095,55.98831871641731,43.73274368819807
pm25,60,predic,52.65794379667948,58.939230222378754,46.37665737098021
pm25,60,observed,33.83256692175516,58.939230222378754,46.37665737098021
pm25,61,predic,57.69497613966296,64.81729311588518,50.57265916344075
pm25,61,observed,38.168750642734345,64.81729311588518,50.57265916344075
pm25,62,predic,57.387747076043205,64.94927302397404,49.826221128112365
pm25,62,observed,39.66948502589786,64.94927302397404,49.826221128112365
pm25,63,predic,58.103015097958924,65.78059965133268,50.42543054458517
pm25,63,observed,41.746231824505756,65.78059965133268,50.42543054458517
pm25,64,predic,58.24937699952667,66.04030894371499,50.458445055338345
pm25,64,observed,41.013679282705255,66.04030894371499,50.458445055338345
pm25,65,predic,55.936700380031034,63.72728339463404,48.146117365428026
pm25,65,observed,38.39898665265621,63.72728339463404,48.146117365428026
pm25,66,predic,55.49582380480537,63.076157469290976,47.91549014031974
pm25,66,observed,35.50623011732255,63.076157469290976,47.91549014031974
pm25,67,predic,56.20594127002009,63.675632506528494,48.73625003351167
pm25,67,observed,32.23585929156571,63.675632506528494,48.73625003351167
pm25,68,predic,55.59380399866105,63.22761441098864,47.95999358633348
pm25,68,observed,29.964975713760634,63.22761441098864,47.95999358633348
pm25,69,predic,54.281746040284695,61.84899436602071,46.714497714548685
pm25,69,observed,28.654672107233672,61.84899436602071,46.714497714548685
pm25,70,predic,54.00732398879474,61.38394108446296,46.63070689312652
pm25,70,observed,33.398208678093276,61.38394108446296,46.63070689312652
pm25,71,predic,54.97047513607047,62.26884304067089,47.67210723147004
pm25,71,observed,42.23920998871685,62.26884304067089,47.67210723147004
pm25,72,predic,54.319633370676236,61.49474670420344,47.14452003714903
pm25,72,observed,44.13980202168235,61.49474670420344,47.14452003714903
pm25,73,predic,55.18378804061386,62.17468314360716,48.19289293762057
pm25,73,observed,46.28206454528988,62.17468314360716,48.19289293762057
pm25,74,predic,57.734296163918344,64.68133037738019,50.7872619504565
pm25,74,observed,47.39656667972877,64.68133037738019,50.7872619504565
pm25,75,predic,58.722787550863195,66.12035991552484,51.325215186201575
pm25,75,observed,49.16328835040471,66.12035991552484,51.325215186201575
pm25,76,predic,56.637793752322594,63.93346796612027,49.34211953852492
pm25,76,observed,41.175794736339896,63.93346796612027,49.34211953852492
pm25,77,predic,43.8048930072294,48.10075797480275,39.50902803965605
pm25,77,observed,36.759873847864945,48.10075797480275,39.50902803965605
pm25,78,predic,42.14129199920461,46.562442709881765,37.720141288527444
pm25,78,observed,37.916621972768255,46.562442709881765,37.720141288527444
pm25,79,predic,40.15647587096542,44.84267057532337,35.47028116660748
pm25,79,observed,36.747940542484145,44.84267057532337,35.47028116660748
pm25,80,predic,39.20418882719019,43.926145405224794,34.48223224915559
pm25,80,observed,36.052754976403946,43.926145405224794,34.48223224915559
pm25,81,predic,40.917931145285436,45.85933429871745,35.97652799185341
pm25,81,observed,36.71592737211721,45.85933429871745,35.97652799185341
pm25,82,predic,42.70256195761159,47.583297181671014,37.82182673355216
pm25,82,observed,39.04592327426864,47.583297181671014,37.82182673355216
pm25,83,predic,43.44650903905081,48.26553355936927,38.62748451873236
pm25,83,observed,40.57596328198071,48.26553355936927,38.62748451873236
pm25,84,predic,44.343172628526936,48.859294876443485,39.82705038061038
pm25,84,observed,42.269543464427606,48.859294876443485,39.82705038061038
pm25,85,predic,43.996241810445824,48.40712101792316,39.58536260296849
pm25,85,observed,43.52069650757106,48.40712101792316,39.58536260296849
pm25,86,predic,43.160529996160676,47.59122140997742,38.72983858234393
pm25,86,observed,43.89700568108934,47.59122140997742,38.72983858234393
pm25,87,predic,42.64843205995487,47.13497948124235,38.16188463866739
pm25,87,observed,41.73630852969138,47.13497948124235,38.16188463866739
pm25,88,predic,42.622968331345554,47.05353493578504,38.192401726906084
pm25,88,observed,37.867702119187626,47.05353493578504,38.192401726906084
pm25,89,predic,40.978316462989625,45.661854180282184,36.29477874569706
pm25,89,observed,33.42526571869728,45.661854180282184,36.29477874569706
pm25,90,predic,37.223353857425785,42.207137483497796,32.23957023135376
pm25,90,observed,29.430730726239204,42.207137483497796,32.23957023135376
pm25,91,predic,34.307170868202526,39.26513533948432,29.34920639692073
pm25,91,observed,25.4539528175805,39.26513533948432,29.34920639692073
pm25,92,predic,32.058509640005205,37.07015901275805,27.046860267252363
pm25,92,observed,22.942944635696556,37.07015901275805,27.046860267252363
pm25,94,predic,32.85542393926049,38.05683107556222,27.65401680295876
pm25,94,observed,23.666614300379376,38.05683107556222,27.65401680295876
pm25,95,predic,34.866445031046815,40.07002803340644,29.662862028687197
pm25,95,observed,25.996554517066265,40.07002803340644,29.662862028687197
pm25,96,predic,39.46253597821407,44.63451502147048,34.29055693495767
pm25,96,observed,28.798875823628606,44.63451502147048,34.29055693495767
pm25,97,predic,41.3761331348148,46.50255954225828,36.24970672737132
pm25,97,observed,31.753269637332515,46.50255954225828,36.24970672737132
pm25,98,predic,42.90968078066673,48.07577983063898,37.7435817306945
pm25,98,observed,34.493272990352054,48.07577983063898,37.7435817306945
pm25,99,predic,43.17911884115292,48.447006595405114,37.91123108690072
pm25,99,observed,36.33375468583163,48.447006595405114,37.91123108690072
pm25,100,predic,44.136979928651144,49.3206191479144,38.953340709387874
pm25,100,observed,37.17620807144759,49.3206191479144,38.953340709387874
pm25,101,predic,45.46921722668849,50.46955488719586,40.46887956618113
pm25,101,observed,37.34013527657059,50.46955488719586,40.46887956618113
pm25,102,predic,46.90322113971881,51.790398526383285,42.01604375305436
pm25,102,observed,36.21510684804163,51.790398526383285,42.01604375305436
pm25,103,predic,47.84584846009899,52.666326137442425,43.02537078275556
pm25,103,observed,33.53068847249996,52.666326137442425,43.02537078275556
pm25,104,predic,45.42875262691824,50.126675582907446,40.730829670929026
pm25,104,observed,31.371114478082706,50.126675582907446,40.730829670929026
pm25,105,predic,42.34764618254669,47.62716922175763,37.068123143335754
pm25,105,observed,29.556957790246134,47.62716922175763,37.068123143335754
pm25,106,predic,39.03488886927394,44.94620922228815,33.12356851625974
pm25,106,observed,26.617727453986173,44.94620922228815,33.12356851625974
pm25,107,predic,37.6024972386832,43.77294290147475,31.432051575891663
pm25,107,observed,25.046149086375003,43.77294290147475,31.432051575891663
pm25,108,predic,36.5127713666118,42.54901033846718,30.47653239475642
pm25,108,observed,25.664149556987837,42.54901033846718,30.47653239475642
pm25,109,predic,37.17839991611485,43.06327516908819,31.2935246631415
pm25,109,observed,25.522005679078003,43.06327516908819,31.2935246631415
pm25,110,predic,38.03532103334735,43.41456611590722,32.656075950787496
pm25,110,observed,24.823628088856513,43.41456611590722,32.656075950787496
pm25,112,predic,36.99871372378093,41.853718653426824,32.14370879413504
pm25,112,observed,26.598872984223306,41.853718653426824,32.14370879413504
