"param","dateRel","key","val","predUpr","predLwr"
"no2",-80,"predic",34.8021601682469,37.7458854717587,31.8584348647351
"no2",-80,"observed",20.4271377464499,37.7458854717587,31.8584348647351
"no2",-79,"predic",13.3044052381569,14.5546984169416,12.0541120593721
"no2",-79,"observed",9.49514689895632,14.5546984169416,12.0541120593721
"no2",-78,"predic",14.9213149168668,16.0602730138086,13.7823568199249
"no2",-78,"observed",10.17195271982,16.0602730138086,13.7823568199249
"no2",-77,"predic",17.9488010638711,19.3422569557059,16.5553451720362
"no2",-77,"observed",12.7022968800264,19.3422569557059,16.5553451720362
"no2",-76,"predic",18.3319852123712,19.8338811413484,16.8300892833939
"no2",-76,"observed",13.439498926681,19.8338811413484,16.8300892833939
"no2",-75,"predic",18.2367512611622,19.8524452205573,16.6210573017671
"no2",-75,"observed",15.416744403552,19.8524452205573,16.6210573017671
"no2",-74,"predic",19.7533156027942,21.1158262057029,18.3908049998854
"no2",-74,"observed",13.8851436341439,21.1158262057029,18.3908049998854
"no2",-73,"predic",18.2821527210073,19.458357402066,17.1059480399486
"no2",-73,"observed",13.4115375634178,19.458357402066,17.1059480399486
"no2",-72,"predic",15.9608484332121,16.9825946377891,14.9391022286352
"no2",-72,"observed",11.9247897185247,16.9825946377891,14.9391022286352
"no2",-71,"predic",13.794613742211,14.7167298262199,12.8724976582021
"no2",-71,"observed",11.0015963582872,14.7167298262199,12.8724976582021
"no2",-70,"predic",10.9896378397436,11.7617987559407,10.2174769235465
"no2",-70,"observed",9.77368995533818,11.7617987559407,10.2174769235465
"no2",-69,"predic",11.4363299566112,12.2560476751391,10.6166122380833
"no2",-69,"observed",10.157114444809,12.2560476751391,10.6166122380833
"no2",-68,"predic",11.692580765807,12.5309917831702,10.8541697484438
"no2",-68,"observed",10.1981945827916,12.5309917831702,10.8541697484438
"no2",-67,"predic",12.0294864274622,12.9105691035353,11.148403751389
"no2",-67,"observed",10.7434615816452,12.9105691035353,11.148403751389
"no2",-66,"predic",11.7618473952113,12.6541668335874,10.8695279568352
"no2",-66,"observed",10.7551158194703,12.6541668335874,10.8695279568352
"no2",-65,"predic",11.4204999071575,12.3193167678059,10.5216830465091
"no2",-65,"observed",10.690873593569,12.3193167678059,10.5216830465091
"no2",-64,"predic",11.3251487657403,12.1915405297455,10.4587570017351
"no2",-64,"observed",10.8442254749721,12.1915405297455,10.4587570017351
"no2",-63,"predic",10.4525752160244,11.1547813054324,9.75036912661641
"no2",-63,"observed",9.80606679759446,11.1547813054324,9.75036912661641
"no2",-62,"predic",10.6326404081679,11.318415608107,9.94686520822876
"no2",-62,"observed",10.2181170813966,11.318415608107,9.94686520822876
"no2",-61,"predic",11.6003039264139,12.4145807246573,10.7860271281704
"no2",-61,"observed",11.4863939227442,12.4145807246573,10.7860271281704
"no2",-60,"predic",12.0263983429929,12.8623048309078,11.190491855078
"no2",-60,"observed",12.3289932939329,12.8623048309078,11.190491855078
"no2",-59,"predic",11.71733488044,12.4335013641386,11.0011683967413
"no2",-59,"observed",12.0734786950489,12.4335013641386,11.0011683967413
"no2",-58,"predic",21.9799195188596,24.0177222857262,19.942116751993
"no2",-58,"observed",21.1064511805975,24.0177222857262,19.942116751993
"no2",-57,"predic",24.7056321009165,26.9602414582263,22.4510227436067
"no2",-57,"observed",24.4324258129493,26.9602414582263,22.4510227436067
"no2",-56,"predic",27.9423530334207,30.3347741513266,25.5499319155147
"no2",-56,"observed",26.4700404853966,30.3347741513266,25.5499319155147
"no2",-55,"predic",31.7048330734759,33.9691616509407,29.440504496011
"no2",-55,"observed",30.9720717791802,33.9691616509407,29.440504496011
"no2",-54,"predic",33.5820687071559,35.8202548195686,31.3438825947432
"no2",-54,"observed",32.9374165529422,35.8202548195686,31.3438825947432
"no2",-53,"predic",33.2607433031473,35.454870099838,31.0666165064566
"no2",-53,"observed",32.0270320170773,35.454870099838,31.0666165064566
"no2",-52,"predic",32.9262277889614,35.1253173325711,30.7271382453517
"no2",-52,"observed",30.8156840890202,35.1253173325711,30.7271382453517
"no2",-51,"predic",32.6853690406947,34.900492506016,30.4702455753734
"no2",-51,"observed",30.3144768112027,34.900492506016,30.4702455753734
"no2",-50,"predic",32.6911341522738,34.9302485377729,30.4520197667747
"no2",-50,"observed",29.8148342518398,34.9302485377729,30.4520197667747
"no2",-49,"predic",32.6498219654418,34.8926239361571,30.4070199947265
"no2",-49,"observed",30.3161286573434,34.8926239361571,30.4070199947265
"no2",-48,"predic",32.7941331785863,34.9161088977774,30.6721574593951
"no2",-48,"observed",31.0077395490537,34.9161088977774,30.6721574593951
"no2",-47,"predic",33.33372188942,35.3369313135376,31.3305124653024
"no2",-47,"observed",32.2806898983929,35.3369313135376,31.3305124653024
"no2",-46,"predic",33.3780947399637,35.3882198033008,31.3679696766266
"no2",-46,"observed",33.7735982057088,35.3882198033008,31.3679696766266
"no2",-45,"predic",33.1852424639505,35.2033771285218,31.1671077993791
"no2",-45,"observed",34.3697223186052,35.2033771285218,31.1671077993791
"no2",-44,"predic",33.0994557998481,35.0818102777843,31.117101321912
"no2",-44,"observed",34.2051281203873,35.0818102777843,31.117101321912
"no2",-43,"predic",32.9287614159937,35.1066443596707,30.7508784723167
"no2",-43,"observed",32.6914402731853,35.1066443596707,30.7508784723167
"no2",-42,"predic",32.5274689670893,34.7005419801632,30.3543959540155
"no2",-42,"observed",31.6087049100992,34.7005419801632,30.3543959540155
"no2",-41,"predic",32.2944640435882,34.3884385437841,30.2004895433924
"no2",-41,"observed",31.0009857166898,34.3884385437841,30.2004895433924
"no2",-40,"predic",32.2855025084575,34.2550712616268,30.3159337552881
"no2",-40,"observed",30.1705115999589,34.2550712616268,30.3159337552881
"no2",-39,"predic",32.439262399567,34.4197861876715,30.4587386114626
"no2",-39,"observed",29.807263345748,34.4197861876715,30.4587386114626
"no2",-38,"predic",32.5979675887506,34.3748555066181,30.821079670883
"no2",-38,"observed",30.520118593939,34.3748555066181,30.821079670883
"no2",-37,"predic",32.5907726948513,34.2886065139342,30.8929388757684
"no2",-37,"observed",31.3984768351496,34.2886065139342,30.8929388757684
"no2",-36,"predic",32.9881663522184,34.7269225217849,31.2494101826519
"no2",-36,"observed",31.2977703642238,34.7269225217849,31.2494101826519
"no2",-35,"predic",33.591994256169,35.3793600408386,31.8046284714995
"no2",-35,"observed",32.3853557359358,35.3793600408386,31.8046284714995
"no2",-34,"predic",33.5523683741045,35.3707697318207,31.7339670163883
"no2",-34,"observed",33.9726809217867,35.3707697318207,31.7339670163883
"no2",-33,"predic",33.2984242078276,35.1399802787969,31.4568681368583
"no2",-33,"observed",34.729993204351,35.1399802787969,31.4568681368583
"no2",-32,"predic",33.4452198479032,35.3443361432151,31.5461035525913
"no2",-32,"observed",34.964714181508,35.3443361432151,31.5461035525913
"no2",-31,"predic",32.9039937966845,34.9281839203921,30.8798036729768
"no2",-31,"observed",34.5703312328314,34.9281839203921,30.8798036729768
"no2",-30,"predic",32.2976424843256,34.3696376290766,30.2256473395747
"no2",-30,"observed",33.5510893530195,34.3696376290766,30.2256473395747
"no2",-29,"predic",31.8667181615681,34.0013584893341,29.7320778338021
"no2",-29,"observed",32.0441193476024,34.0013584893341,29.7320778338021
"no2",-28,"predic",31.5865136040994,33.8478588261075,29.3251683820912
"no2",-28,"observed",31.3742510783217,33.8478588261075,29.3251683820912
"no2",-27,"predic",31.1741679658075,33.4237509110494,28.9245850205656
"no2",-27,"observed",30.657397038761,33.4237509110494,28.9245850205656
"no2",-26,"predic",31.2102613807211,33.3095527364566,29.1109700249857
"no2",-26,"observed",30.552753905229,33.3095527364566,29.1109700249857
"no2",-25,"predic",31.143654520688,33.1991422387462,29.0881668026297
"no2",-25,"observed",31.238363074652,33.1991422387462,29.0881668026297
"no2",-24,"predic",31.3937773851837,33.3526869309222,29.4348678394453
"no2",-24,"observed",32.0924946786903,33.3526869309222,29.4348678394453
"no2",-23,"predic",31.4596086697495,33.3573643034818,29.5618530360173
"no2",-23,"observed",32.1071558728696,33.3573643034818,29.5618530360173
"no2",-22,"predic",29.9875335641176,31.7438808053328,28.2311863229023
"no2",-22,"observed",28.2155379225615,31.7438808053328,28.2311863229023
"no2",-21,"predic",32.1287348731951,33.958241513273,30.2992282331173
"no2",-21,"observed",30.9225494579845,33.958241513273,30.2992282331173
"no2",-20,"predic",33.6605781406318,35.5753537046346,31.7458025766291
"no2",-20,"observed",33.1234210484768,35.5753537046346,31.7458025766291
"no2",-19,"predic",35.0331408318442,37.0497577497515,33.0165239139369
"no2",-19,"observed",34.8549286897066,37.0497577497515,33.0165239139369
"no2",-18,"predic",35.9961595244888,38.0722457094312,33.9200733395465
"no2",-18,"observed",36.2346527921535,38.0722457094312,33.9200733395465
"no2",-17,"predic",35.4972906454017,37.5188026646425,33.4757786261609
"no2",-17,"observed",36.9484668322731,37.5188026646425,33.4757786261609
"no2",-16,"predic",35.0637183862519,37.1279201876679,32.9995165848358
"no2",-16,"observed",36.8960750921738,37.1279201876679,32.9995165848358
"no2",-15,"predic",34.6808248998869,36.7639724291058,32.597677370668
"no2",-15,"observed",36.0746519166277,36.7639724291058,32.597677370668
"no2",-14,"predic",34.3088230861441,36.3933217752039,32.2243243970843
"no2",-14,"observed",35.5885401453623,36.3933217752039,32.2243243970843
"no2",-13,"predic",34.3730708649539,36.4392787509293,32.3068629789785
"no2",-13,"observed",35.2166108173786,36.4392787509293,32.3068629789785
"no2",-12,"predic",34.426317894765,36.4618767958077,32.3907589937222
"no2",-12,"observed",34.787584885382,36.4618767958077,32.3907589937222
"no2",-11,"predic",34.5640426342574,36.4872084976202,32.6408767708946
"no2",-11,"observed",34.9326273169166,36.4872084976202,32.6408767708946
"no2",-10,"predic",35.2956087025671,37.1308156844201,33.4604017207142
"no2",-10,"observed",35.7651791571058,37.1308156844201,33.4604017207142
"no2",-9,"predic",35.8053947183764,37.7350243440758,33.875765092677
"no2",-9,"observed",36.1988825567512,37.7350243440758,33.875765092677
"no2",-8,"predic",35.2212782897901,37.1680472362177,33.2745093433624
"no2",-8,"observed",35.4386284133861,37.1680472362177,33.2745093433624
"no2",-7,"predic",34.3724106540909,36.4069552301304,32.3378660780514
"no2",-7,"observed",34.3752074750468,36.4069552301304,32.3378660780514
"no2",-6,"predic",33.7121384722083,35.8156451571618,31.6086317872548
"no2",-6,"observed",33.6714021890106,35.8156451571618,31.6086317872548
"no2",-5,"predic",32.884323130575,35.0112080275433,30.7574382336066
"no2",-5,"observed",32.5711836690692,35.0112080275433,30.7574382336066
"no2",-4,"predic",32.531728666978,34.4815726156482,30.5818847183079
"no2",-4,"observed",32.2240453765236,34.4815726156482,30.5818847183079
"no2",-3,"predic",33.2623402193716,35.1207242173548,31.4039562213884
"no2",-3,"observed",33.056769831617,35.1207242173548,31.4039562213884
"no2",-2,"predic",34.1905275896733,36.0207606156497,32.3602945636969
"no2",-2,"observed",33.8445901189036,36.0207606156497,32.3602945636969
"no2",-1,"predic",34.8001142454618,36.653951573882,32.9462769170417
"no2",-1,"observed",33.8057566501297,36.653951573882,32.9462769170417
"no2",0,"predic",34.7340314291527,36.6915317411457,32.7765311171597
"no2",0,"observed",33.2347493852292,36.6915317411457,32.7765311171597
"no2",1,"predic",33.9106453955232,36.0135839776752,31.8077068133712
"no2",1,"observed",32.5100224506305,36.0135839776752,31.8077068133712
"no2",2,"predic",33.1003576620655,35.379034176675,30.8216811474561
"no2",2,"observed",30.9074872454551,35.379034176675,30.8216811474561
"no2",3,"predic",32.3885985633448,34.6937582064131,30.0834389202765
"no2",3,"observed",29.844125938574,34.6937582064131,30.0834389202765
"no2",4,"predic",31.9125668964744,34.1777236228592,29.6474101700895
"no2",4,"observed",28.2020757836247,34.1777236228592,29.6474101700895
"no2",5,"predic",31.8902533429573,34.148220333419,29.6322863524956
"no2",5,"observed",27.0392190033477,34.148220333419,29.6322863524956
"no2",6,"predic",32.1742010580002,34.4560485403164,29.892353575684
"no2",6,"observed",25.3514114659239,34.4560485403164,29.892353575684
"no2",7,"predic",32.1494472338882,34.508601191874,29.7902932759023
"no2",7,"observed",23.8856563355178,34.508601191874,29.7902932759023
"no2",8,"predic",32.2684229749458,34.7019869847835,29.8348589651081
"no2",8,"observed",22.5596058141454,34.7019869847835,29.8348589651081
"no2",9,"predic",32.4133386398537,34.8995392885683,29.9271379911392
"no2",9,"observed",22.2583699168356,34.8995392885683,29.9271379911392
"no2",10,"predic",31.4260185563007,33.8166187695625,29.0354183430388
"no2",10,"observed",21.5209292885286,33.8166187695625,29.0354183430388
"no2",11,"predic",31.5907841492414,33.8640629098142,29.3175053886687
"no2",11,"observed",21.082431049889,33.8640629098142,29.3175053886687
"no2",12,"predic",31.5545767359271,33.7510922199403,29.358061251914
"no2",12,"observed",20.8886266200658,33.7510922199403,29.358061251914
"no2",13,"predic",30.9506810909254,33.0667421564099,28.8346200254409
"no2",13,"observed",20.6150972254709,33.0667421564099,28.8346200254409
"no2",14,"predic",30.2430934804453,32.3728310822696,28.113355878621
"no2",14,"observed",20.0551109030274,32.3728310822696,28.113355878621
"no2",15,"predic",30.0862359982411,32.3109292271001,27.8615427693822
"no2",15,"observed",19.7187469053257,32.3109292271001,27.8615427693822
"no2",16,"predic",30.1278144934562,32.3487821989768,27.9068467879355
"no2",16,"observed",20.2113248614176,32.3487821989768,27.9068467879355
"no2",17,"predic",30.3576448935045,32.4705831531834,28.2447066338256
"no2",17,"observed",21.1419642285506,32.4705831531834,28.2447066338256
"no2",18,"predic",31.2870533003933,33.2687548395209,29.3053517612657
"no2",18,"observed",22.424987233959,33.2687548395209,29.3053517612657
"no2",19,"predic",32.0510584608555,33.9824158250763,30.1197010966348
"no2",19,"observed",23.5731346277586,33.9824158250763,30.1197010966348
"no2",20,"predic",32.7605511017511,34.6614341858688,30.8596680176333
"no2",20,"observed",24.9175619415051,34.6614341858688,30.8596680176333
"no2",21,"predic",33.0987971502704,35.0345704870292,31.1630238135116
"no2",21,"observed",25.2637466862542,35.0345704870292,31.1630238135116
"no2",22,"predic",32.3375660131682,34.354145398877,30.3209866274594
"no2",22,"observed",24.5133430452685,34.354145398877,30.3209866274594
"no2",23,"predic",31.0855617630574,33.2172948166253,28.9538287094895
"no2",23,"observed",22.3387772088566,33.2172948166253,28.9538287094895
"no2",24,"predic",30.4659273311997,32.6470952935211,28.2847593688783
"no2",24,"observed",20.3065469114214,32.6470952935211,28.2847593688783
"no2",25,"predic",30.1357295669289,32.3010446063823,27.9704145274754
"no2",25,"observed",18.0357344208758,32.3010446063823,27.9704145274754
"no2",26,"predic",30.3157589599905,32.4737707157801,28.1577472042008
"no2",26,"observed",16.7210954132239,32.4737707157801,28.1577472042008
"no2",27,"predic",30.9891093157016,33.1729878473051,28.8052307840981
"no2",27,"observed",15.8367579979341,33.1729878473051,28.8052307840981
"no2",28,"predic",31.521124616428,33.8687083788027,29.1735408540533
"no2",28,"observed",15.755325994012,33.8687083788027,29.1735408540533
"no2",29,"predic",31.7510062030162,34.1243887458344,29.377623660198
"no2",29,"observed",15.4569287449099,34.1243887458344,29.377623660198
"no2",30,"predic",31.5177589303937,33.8415004165775,29.1940174442099
"no2",30,"observed",15.2783910938229,33.8415004165775,29.1940174442099
"no2",31,"predic",31.2169730562267,33.5031218504978,28.9308242619557
"no2",31,"observed",15.2615769643271,33.5031218504978,28.9308242619557
"no2",32,"predic",30.9844338025184,33.1894582331607,28.7794093718761
"no2",32,"observed",15.32794390758,33.1894582331607,28.7794093718761
"no2",33,"predic",31.4187364603258,33.4484775265056,29.388995394146
"no2",33,"observed",15.4434470198047,33.4484775265056,29.388995394146
"no2",34,"predic",31.0448885838472,33.0322339900877,29.0575431776068
"no2",34,"observed",15.2899670765612,33.0322339900877,29.0575431776068
"no2",35,"predic",30.7430987638763,32.7855432100511,28.7006543177016
"no2",35,"observed",15.4842532026376,32.7855432100511,28.7006543177016
"no2",36,"predic",30.920166382546,32.9876618799293,28.8526708851626
"no2",36,"observed",15.7038245060274,32.9876618799293,28.8526708851626
"no2",37,"predic",30.6641476680833,32.6816074458192,28.6466878903473
"no2",37,"observed",15.4753609054056,32.6816074458192,28.6466878903473
"no2",38,"predic",30.5506826686388,32.5243798771471,28.5769854601306
"no2",38,"observed",15.2578631846896,32.5243798771471,28.5769854601306
"no2",39,"predic",30.6311127464321,32.5451044069359,28.7171210859284
"no2",39,"observed",15.4732175460718,32.5451044069359,28.7171210859284
"no2",40,"predic",31.0736287421686,32.9382458222946,29.2090116620426
"no2",40,"observed",15.5034550618736,32.9382458222946,29.2090116620426
"no2",41,"predic",30.6505746901587,32.5387692484647,28.7623801318528
"no2",41,"observed",15.4829016055316,32.5387692484647,28.7623801318528
"no2",42,"predic",30.4323036826746,32.3703768367504,28.4942305285989
"no2",42,"observed",15.4862197539253,32.3703768367504,28.4942305285989
"no2",43,"predic",30.3517013187306,32.2842835928483,28.419119044613
"no2",43,"observed",16.0162523562283,32.2842835928483,28.419119044613
"no2",44,"predic",30.6971423002663,32.6054212600126,28.7888633405201
"no2",44,"observed",16.5131497635392,32.6054212600126,28.7888633405201
"no2",45,"predic",30.751019584404,32.6473943106957,28.8546448581124
"no2",45,"observed",16.8772195533504,32.6473943106957,28.8546448581124
"no2",46,"predic",30.9997671452007,32.9605424026235,29.0389918877779
"no2",46,"observed",16.7457593571786,32.9605424026235,29.0389918877779
"no2",47,"predic",30.9632285445157,32.8738231973479,29.0526338916835
"no2",47,"observed",16.5198841484008,32.8738231973479,29.0526338916835
"no2",48,"predic",31.0130853317903,32.9364814771121,29.0896891864686
"no2",48,"observed",16.6713669310634,32.9364814771121,29.0896891864686
"no2",49,"predic",30.3522959525691,32.3718658536815,28.3327260514567
"no2",49,"observed",16.5757554382065,32.3718658536815,28.3327260514567
"no2",50,"predic",31.7029811031851,33.8317722671393,29.5741899392309
"no2",50,"observed",16.869971918672,33.8317722671393,29.5741899392309
"no2",51,"predic",31.6988348180791,33.7421373333301,29.6555323028281
"no2",51,"observed",16.8537703729737,33.7421373333301,29.6555323028281
"no2",52,"predic",31.6559807914468,33.7615989170841,29.5503626658096
"no2",52,"observed",17.2291735784148,33.7615989170841,29.5503626658096
"no2",53,"predic",31.8265992833455,33.8965932076405,29.7566053590505
"no2",53,"observed",17.1598022820714,33.8965932076405,29.7566053590505
"no2",54,"predic",32.9610330681818,35.0208327900035,30.90123334636
"no2",54,"observed",17.9297300080519,35.0208327900035,30.90123334636
"no2",55,"predic",32.5623687636608,34.6307687297828,30.4939687975388
"no2",55,"observed",18.4642557450919,34.6307687297828,30.4939687975388
"no2",56,"predic",33.1200530561244,35.2560060733391,30.9841000389096
"no2",56,"observed",19.0595829651918,35.2560060733391,30.9841000389096
"no2",57,"predic",30.2323828940997,31.8862347964258,28.5785309917736
"no2",57,"observed",24.0814471262512,31.8862347964258,28.5785309917736
"no2",58,"predic",35.5703493301789,37.943634726645,33.1970639337128
"no2",58,"observed",21.2523857403396,37.943634726645,33.1970639337128
"no2",59,"predic",31.7161190114455,34.0043658525041,29.4278721703869
"no2",59,"observed",18.7966915164495,34.0043658525041,29.4278721703869
"no2",60,"predic",31.775035751038,34.0956041865754,29.4544673155005
"no2",60,"observed",18.2848176762842,34.0956041865754,29.4544673155005
"no2",61,"predic",35.0754468981802,37.6775962654665,32.4732975308938
"no2",61,"observed",20.0798862468842,37.6775962654665,32.4732975308938
"no2",62,"predic",34.0602747659897,36.8058653891614,31.314684142818
"no2",62,"observed",19.764737866106,36.8058653891614,31.314684142818
"no2",63,"predic",34.1852154070101,36.9554879554441,31.414942858576
"no2",63,"observed",18.9718964147827,36.9554879554441,31.414942858576
"no2",64,"predic",34.1435836471868,36.9643297100147,31.3228375843589
"no2",64,"observed",18.433599560745,36.9643297100147,31.3228375843589
"no2",65,"predic",33.3359570696962,36.2117246878926,30.4601894514997
"no2",65,"observed",17.4525131838712,36.2117246878926,30.4601894514997
"no2",66,"predic",33.2967708511107,36.1173529297779,30.4761887724434
"no2",66,"observed",16.9243491735345,36.1173529297779,30.4761887724434
"no2",67,"predic",33.6062032544835,36.3657618090273,30.8466446999397
"no2",67,"observed",16.9282460312794,36.3657618090273,30.8466446999397
"no2",68,"predic",34.1858531403875,36.9754267732906,31.3962795074844
"no2",68,"observed",17.2265270491343,36.9754267732906,31.3962795074844
"no2",69,"predic",34.8422344532529,37.5793778960206,32.1050910104852
"no2",69,"observed",18.254721918021,37.5793778960206,32.1050910104852
"no2",70,"predic",35.1200398373438,37.7876303824543,32.4524492922334
"no2",70,"observed",18.8316674510516,37.7876303824543,32.4524492922334
"no2",71,"predic",35.5135580076264,38.0854090345992,32.9417069806537
"no2",71,"observed",19.1747708112391,38.0854090345992,32.9417069806537
"no2",72,"predic",35.4476074706953,37.9815034295602,32.9137115118303
"no2",72,"observed",18.865827206205,37.9815034295602,32.9137115118303
"no2",73,"predic",35.0704352599321,37.5489588028766,32.5919117169877
"no2",73,"observed",18.8215597359495,37.5489588028766,32.5919117169877
"no2",74,"predic",35.6044142590106,38.0518563476712,33.15697217035
"no2",74,"observed",18.9250814854002,38.0518563476712,33.15697217035
"no2",75,"predic",36.260091121666,38.8329655685163,33.6872166748156
"no2",75,"observed",21.233198456178,38.8329655685163,33.6872166748156
"no2",76,"predic",36.1160543589805,38.6947745691186,33.5373341488423
"no2",76,"observed",22.1945715257035,38.6947745691186,33.5373341488423
"no2",77,"predic",35.8187793782465,38.0121387997374,33.6254199567556
"no2",77,"observed",33.5548009696686,38.0121387997374,33.6254199567556
"no2",78,"predic",34.5441945454166,36.7924623471905,32.2959267436426
"no2",78,"observed",33.4230117576443,36.7924623471905,32.2959267436426
"no2",79,"predic",32.8181356346303,35.2138634273658,30.4224078418948
"no2",79,"observed",31.9464391504549,35.2138634273658,30.4224078418948
"no2",80,"predic",31.7725853074526,34.1609722498862,29.3841983650189
"no2",80,"observed",30.10239137737,34.1609722498862,29.3841983650189
"no2",81,"predic",32.3167147246511,34.8011366491641,29.8322928001382
"no2",81,"observed",29.9853057195647,34.8011366491641,29.8322928001382
"no2",82,"predic",34.0296845989648,36.4693495506203,31.5900196473094
"no2",82,"observed",31.637262276899,36.4693495506203,31.5900196473094
"no2",83,"predic",35.7979651019061,38.1848169027867,33.4111133010255
"no2",83,"observed",33.5710546745005,38.1848169027867,33.4111133010255
"no2",84,"predic",37.0480695230496,39.3172972332425,34.7788418128567
"no2",84,"observed",35.451561858453,39.3172972332425,34.7788418128567
"no2",85,"predic",36.7542900526258,39.0084388020839,34.5001413031676
"no2",85,"observed",36.6399773475138,39.0084388020839,34.5001413031676
"no2",86,"predic",34.8600160349546,37.1401381679307,32.5798939019785
"no2",86,"observed",35.2683288965729,37.1401381679307,32.5798939019785
"no2",87,"predic",33.4068136959505,35.7178455302295,31.0957818616715
"no2",87,"observed",31.8769036888235,35.7178455302295,31.0957818616715
"no2",88,"predic",32.6325287485127,34.9836212479298,30.2814362490955
"no2",88,"observed",29.1205435940448,34.9836212479298,30.2814362490955
"no2",89,"predic",31.3408516463582,33.8281828426373,28.8535204500791
"no2",89,"observed",26.9646398094415,33.8281828426373,28.8535204500791
"no2",90,"predic",29.5673942010079,32.172592603451,26.9621957985648
"no2",90,"observed",24.949536290733,32.172592603451,26.9621957985648
"no2",91,"predic",29.5410740455953,32.1218831038061,26.9602649873844
"no2",91,"observed",24.1508924702993,32.1218831038061,26.9602649873844
"no2",92,"predic",30.044914034256,32.7024817673026,27.3873463012094
"no2",92,"observed",25.0031072881646,32.7024817673026,27.3873463012094
"no2",94,"predic",31.0648480182136,33.7644559661197,28.3652400703076
"no2",94,"observed",26.0886971521848,33.7644559661197,28.3652400703076
"no2",95,"predic",33.594071060151,36.2799478672848,30.9081942530173
"no2",95,"observed",28.2745547584791,36.2799478672848,30.9081942530173
"no2",96,"predic",37.0207328587936,39.7036396707557,34.3378260468315
"no2",96,"observed",30.6026890245895,39.7036396707557,34.3378260468315
"no2",97,"predic",38.0043869957512,40.6777393481813,35.331034643321
"no2",97,"observed",31.8010024967254,40.6777393481813,35.331034643321
"no2",98,"predic",37.1715695427798,39.8267161312618,34.5164229542979
"no2",98,"observed",32.6424700228891,39.8267161312618,34.5164229542979
"no2",99,"predic",36.4692764333212,39.1864265578149,33.7521263088275
"no2",99,"observed",32.7684481997409,39.1864265578149,33.7521263088275
"no2",100,"predic",35.3143098097508,38.0159984160263,32.6126212034753
"no2",100,"observed",31.4234903622625,38.0159984160263,32.6126212034753
"no2",101,"predic",33.8278266659847,36.5013355598355,31.1543177721338
"no2",101,"observed",29.5816098984904,36.5013355598355,31.1543177721338
"no2",102,"predic",33.4844957018282,36.2506865889209,30.7183048147355
"no2",102,"observed",27.840489686863,36.2506865889209,30.7183048147355
"no2",103,"predic",33.4549969669508,36.2145201400297,30.6954737938718
"no2",103,"observed",25.580994090795,36.2145201400297,30.6954737938718
"no2",104,"predic",32.8237488551663,35.53418508943,30.1133126209026
"no2",104,"observed",24.0991118533979,35.53418508943,30.1133126209026
"no2",105,"predic",30.5545169530782,33.5390221388407,27.5700117673158
"no2",105,"observed",23.0507852227377,33.5390221388407,27.5700117673158
"no2",106,"predic",28.5695990708184,31.8060463778524,25.3331517637845
"no2",106,"observed",21.5522446415788,31.8060463778524,25.3331517637845
"no2",107,"predic",28.2521626058221,31.4758228653686,25.0285023462756
"no2",107,"observed",20.8288039957849,31.4758228653686,25.0285023462756
"no2",108,"predic",28.8030551084462,31.9248763936842,25.6812338232082
"no2",108,"observed",21.1732059267884,31.9248763936842,25.6812338232082
"no2",109,"predic",29.5170829985504,32.5712270944667,26.4629389026342
"no2",109,"observed",21.6169794495702,32.5712270944667,26.4629389026342
"no2",110,"predic",31.5051258068269,34.335827338136,28.6744242755178
"no2",110,"observed",22.0714644895789,34.335827338136,28.6744242755178
"no2",112,"predic",32.8525890923436,35.4782713023387,30.2269068823485
"no2",112,"observed",23.0436480990748,35.4782713023387,30.2269068823485
"pm25",-87,"predic",55.2525305154563,67.149071739745,43.3559892911677
"pm25",-87,"observed",40.7448600716576,67.149071739745,43.3559892911677
"pm25",-86,"predic",48.2105276641184,62.1857537195775,34.2353016086593
"pm25",-86,"observed",37.4749330002662,62.1857537195775,34.2353016086593
"pm25",-85,"predic",31.472088634842,41.6189231564487,21.3252541132354
"pm25",-85,"observed",30.387369713857,41.6189231564487,21.3252541132354
"pm25",-84,"predic",26.1547119690889,36.4568005710569,15.8526233671208
"pm25",-84,"observed",24.9940584270581,36.4568005710569,15.8526233671208
"pm25",-83,"predic",23.3995562957618,34.3077718763848,12.4913407151387
"pm25",-83,"observed",26.1509057600061,34.3077718763848,12.4913407151387
"pm25",-82,"predic",25.9261882862949,34.6538940825533,17.1984824900365
"pm25",-82,"observed",29.4637373308011,34.6538940825533,17.1984824900365
"pm25",-81,"predic",27.0630941863006,34.8646224919581,19.2615658806431
"pm25",-81,"observed",32.68558159463,34.8646224919581,19.2615658806431
"pm25",-80,"predic",24.2573596273324,32.2339287098526,16.2807905448122
"pm25",-80,"observed",30.7262265231604,32.2339287098526,16.2807905448122
"pm25",-79,"predic",26.0202397477535,34.91738533797,17.123094157537
"pm25",-79,"observed",30.8096133202543,34.91738533797,17.123094157537
"pm25",-78,"predic",25.482018302833,34.8704354106141,16.093601195052
"pm25",-78,"observed",29.3130167808418,34.8704354106141,16.093601195052
"pm25",-77,"predic",26.2700076963459,35.0173690123996,17.5226463802923
"pm25",-77,"observed",31.3367018599075,35.0173690123996,17.5226463802923
"pm25",-76,"predic",23.4019725287958,31.896373520535,14.9075715370567
"pm25",-76,"observed",27.3338637986211,31.896373520535,14.9075715370567
"pm25",-75,"predic",27.261461450035,35.1345193030938,19.3884035969762
"pm25",-75,"observed",28.0809218703041,35.1345193030938,19.3884035969762
"pm25",-74,"predic",21.1236520583738,26.2938012498721,15.9535028668755
"pm25",-74,"observed",19.8631599428707,26.2938012498721,15.9535028668755
"pm25",-73,"predic",21.784739688487,26.3278160619796,17.2416633149943
"pm25",-73,"observed",19.9837367173872,26.3278160619796,17.2416633149943
"pm25",-72,"predic",19.5859661980291,24.2346725049348,14.9372598911234
"pm25",-72,"observed",17.7084054706825,24.2346725049348,14.9372598911234
"pm25",-71,"predic",24.0602650093651,28.743081496297,19.3774485224333
"pm25",-71,"observed",21.5013272004261,28.743081496297,19.3774485224333
"pm25",-70,"predic",25.1788661570831,29.7636004176261,20.59413189654
"pm25",-70,"observed",23.2130879149201,29.7636004176261,20.59413189654
"pm25",-69,"predic",22.2956613326315,26.585010901229,18.006311764034
"pm25",-69,"observed",22.6833223167016,26.585010901229,18.006311764034
"pm25",-68,"predic",21.9267574213287,26.272396362322,17.5811184803355
"pm25",-68,"observed",23.1434098123148,26.272396362322,17.5811184803355
"pm25",-67,"predic",22.479394218866,26.8461206650048,18.1126677727273
"pm25",-67,"observed",21.3279671908072,26.8461206650048,18.1126677727273
"pm25",-66,"predic",20.9933171849423,24.8287605161133,17.1578738537713
"pm25",-66,"observed",20.8115194217284,24.8287605161133,17.1578738537713
"pm25",-65,"predic",19.9678625328094,23.8954921196077,16.040232946011
"pm25",-65,"observed",20.3705694879378,23.8954921196077,16.040232946011
"pm25",-64,"predic",19.0144776882168,23.0091537391308,15.0198016373028
"pm25",-64,"observed",18.7650321049671,23.0091537391308,15.0198016373028
"pm25",-63,"predic",18.6274357863537,22.8055969418997,14.4492746308078
"pm25",-63,"observed",17.8717010549526,22.8055969418997,14.4492746308078
"pm25",-62,"predic",17.6841545699993,22.1543972460556,13.213911893943
"pm25",-62,"observed",18.7902254386449,22.1543972460556,13.213911893943
"pm25",-61,"predic",21.5382757834958,26.1442283037564,16.9323232632352
"pm25",-61,"observed",20.431871844163,26.1442283037564,16.9323232632352
"pm25",-60,"predic",19.0417305649277,23.5095353287274,14.573925801128
"pm25",-60,"observed",19.3793818620983,23.5095353287274,14.573925801128
"pm25",-59,"predic",19.4576434747388,24.0477669810365,14.867519968441
"pm25",-59,"observed",19.8527169856887,24.0477669810365,14.867519968441
"pm25",-58,"predic",27.0684627462689,30.9230095297787,23.2139159627592
"pm25",-58,"observed",32.2013390326094,30.9230095297787,23.2139159627592
"pm25",-57,"predic",37.9538665767242,42.7543846464375,33.1533485070109
"pm25",-57,"observed",47.1635676819595,42.7543846464375,33.1533485070109
"pm25",-56,"predic",49.582529179409,55.2098195135413,43.9552388452767
"pm25",-56,"observed",57.8850219244146,55.2098195135413,43.9552388452767
"pm25",-55,"predic",61.5470609093251,67.9227991691447,55.1713226495055
"pm25",-55,"observed",69.575698110525,67.9227991691447,55.1713226495055
"pm25",-54,"predic",74.3445557177045,81.4479444058412,67.2411670295677
"pm25",-54,"observed",80.8247849879672,81.4479444058412,67.2411670295677
"pm25",-53,"predic",74.3791114676484,81.3866307659518,67.3715921693449
"pm25",-53,"observed",75.0047909686512,81.3866307659518,67.3715921693449
"pm25",-52,"predic",74.0435140978815,81.2146694366191,66.8723587591439
"pm25",-52,"observed",70.5879117394337,81.2146694366191,66.8723587591439
"pm25",-51,"predic",73.2642252516801,80.4614037177802,66.06704678558
"pm25",-51,"observed",70.2725712775847,80.4614037177802,66.06704678558
"pm25",-50,"predic",71.9135454707234,79.1592084610757,64.6678824803711
"pm25",-50,"observed",66.948805484121,79.1592084610757,64.6678824803711
"pm25",-49,"predic",69.9396001787936,77.128263753951,62.7509366036362
"pm25",-49,"observed",65.058686344411,77.128263753951,62.7509366036362
"pm25",-48,"predic",70.5418471307618,77.4762913067444,63.6074029547793
"pm25",-48,"observed",65.5785145238879,77.4762913067444,63.6074029547793
"pm25",-47,"predic",74.6965138189634,81.3507520655415,68.0422755723854
"pm25",-47,"observed",69.2437040094798,81.3507520655415,68.0422755723854
"pm25",-46,"predic",75.6527179712076,82.1923636602767,69.1130722821384
"pm25",-46,"observed",72.9838321983533,82.1923636602767,69.1130722821384
"pm25",-45,"predic",75.5037180087621,82.0885082720404,68.9189277454838
"pm25",-45,"observed",76.7350042776924,82.0885082720404,68.9189277454838
"pm25",-44,"predic",74.9225190330536,81.4040958578958,68.4409422082115
"pm25",-44,"observed",77.7619347959653,81.4040958578958,68.4409422082115
"pm25",-43,"predic",76.2161381366336,82.6173097147098,69.8149665585574
"pm25",-43,"observed",77.9069493972691,82.6173097147098,69.8149665585574
"pm25",-42,"predic",67.5640636223764,74.6739753853917,60.4541518593611
"pm25",-42,"observed",68.5148993249717,74.6739753853917,60.4541518593611
"pm25",-41,"predic",65.5834849724249,72.359954280577,58.8070156642729
"pm25",-41,"observed",62.7731304639783,72.359954280577,58.8070156642729
"pm25",-40,"predic",65.5689673938997,72.2033222380352,58.9346125497641
"pm25",-40,"observed",59.3071892845669,72.2033222380352,58.9346125497641
"pm25",-39,"predic",66.1640741218795,72.8285853275209,59.4995629162381
"pm25",-39,"observed",58.1347888603712,72.8285853275209,59.4995629162381
"pm25",-38,"predic",68.5978040872252,74.7147002032431,62.4809079712073
"pm25",-38,"observed",60.866985184126,74.7147002032431,62.4809079712073
"pm25",-37,"predic",68.6378006364954,74.5579080078969,62.7176932650939
"pm25",-37,"observed",63.3707767744358,74.5579080078969,62.7176932650939
"pm25",-36,"predic",68.4558632729863,74.4017058864479,62.5100206595248
"pm25",-36,"observed",63.2537255641923,74.4017058864479,62.5100206595248
"pm25",-35,"predic",68.8632831181515,74.8300424457981,62.896523790505
"pm25",-35,"observed",63.509161290675,74.8300424457981,62.896523790505
"pm25",-34,"predic",70.0590629453611,76.0189751917534,64.0991506989688
"pm25",-34,"observed",65.344977238545,76.0189751917534,64.0991506989688
"pm25",-33,"predic",70.0170328931803,76.044492231062,63.9895735552985
"pm25",-33,"observed",66.5149530095833,76.044492231062,63.9895735552985
"pm25",-32,"predic",71.0499101997943,77.2460127812199,64.8538076183687
"pm25",-32,"observed",67.5829056788289,77.2460127812199,64.8538076183687
"pm25",-31,"predic",70.7743916475677,77.4221358199706,64.1266474751647
"pm25",-31,"observed",67.9385485267363,77.4221358199706,64.1266474751647
"pm25",-30,"predic",67.3746471027334,74.1647151394877,60.5845790659792
"pm25",-30,"observed",64.5967665579669,74.1647151394877,60.5845790659792
"pm25",-29,"predic",64.3298802650301,71.3654718859412,57.2942886441191
"pm25",-29,"observed",60.2888388625414,71.3654718859412,57.2942886441191
"pm25",-28,"predic",63.3150343091383,70.6680131013445,55.9620555169321
"pm25",-28,"observed",55.0863773866165,70.6680131013445,55.9620555169321
"pm25",-27,"predic",62.1340828983699,69.4428828177939,54.8252829789458
"pm25",-27,"observed",50.5124009871593,69.4428828177939,54.8252829789458
"pm25",-26,"predic",63.1615557826279,70.1533369167416,56.1697746485142
"pm25",-26,"observed",49.6377203246534,70.1533369167416,56.1697746485142
"pm25",-25,"predic",64.4377187488323,71.1876938305582,57.6877436671064
"pm25",-25,"observed",52.3219358224984,71.1876938305582,57.6877436671064
"pm25",-24,"predic",64.9476586696964,71.5088279871781,58.3864893522147
"pm25",-24,"observed",56.165356405229,71.5088279871781,58.3864893522147
"pm25",-23,"predic",63.5708275663763,70.2108771572511,56.9307779755016
"pm25",-23,"observed",57.7676246938165,70.2108771572511,56.9307779755016
"pm25",-22,"predic",57.5939503579993,63.1942871943104,51.9936135216882
"pm25",-22,"observed",50.2366851494579,63.1942871943104,51.9936135216882
"pm25",-21,"predic",59.9597042592391,65.7390608855372,54.1803476329409
"pm25",-21,"observed",54.0388857635463,65.7390608855372,54.1803476329409
"pm25",-20,"predic",60.9798455556872,66.9640806354818,54.9956104758926
"pm25",-20,"observed",58.2327711545325,66.9640806354818,54.9956104758926
"pm25",-19,"predic",62.6678590669476,68.8242519560072,56.511466177888
"pm25",-19,"observed",59.7724951781998,68.8242519560072,56.511466177888
"pm25",-18,"predic",65.0919010523476,71.1480963556196,59.0357057490757
"pm25",-18,"observed",61.7367641886825,71.1480963556196,59.0357057490757
"pm25",-17,"predic",66.0287366102065,71.9028496207027,60.1546235997102
"pm25",-17,"observed",64.4558505102218,71.9028496207027,60.1546235997102
"pm25",-16,"predic",64.7645829563665,70.5668855871285,58.9622803256045
"pm25",-16,"observed",63.9991496819259,70.5668855871285,58.9622803256045
"pm25",-15,"predic",64.5356667127235,70.2462329741158,58.8251004513311
"pm25",-15,"observed",61.0768780003687,70.2462329741158,58.8251004513311
"pm25",-14,"predic",65.0449726782656,70.7349222996407,59.3550230568905
"pm25",-14,"observed",59.384482183189,70.7349222996407,59.3550230568905
"pm25",-13,"predic",65.6445509722059,71.1072340417556,60.1818679026562
"pm25",-13,"observed",57.3826057039844,71.1072340417556,60.1818679026562
"pm25",-12,"predic",66.3211296131832,71.5844610943528,61.0577981320136
"pm25",-12,"observed",56.3475221425488,71.5844610943528,61.0577981320136
"pm25",-11,"predic",68.6688539315379,73.6730453805502,63.6646624825257
"pm25",-11,"observed",57.101944877796,73.6730453805502,63.6646624825257
"pm25",-10,"predic",71.7470427164614,76.6365217865739,66.8575636463488
"pm25",-10,"observed",58.8977002342663,76.6365217865739,66.8575636463488
"pm25",-9,"predic",70.1052213871659,75.2366360226744,64.9738067516574
"pm25",-9,"observed",61.0798018870671,75.2366360226744,64.9738067516574
"pm25",-8,"predic",67.1499226055856,72.4899582395855,61.8098869715857
"pm25",-8,"observed",62.2117242850586,72.4899582395855,61.8098869715857
"pm25",-7,"predic",63.248560158675,68.8736016568684,57.6235186604816
"pm25",-7,"observed",60.3309056828788,68.8736016568684,57.6235186604816
"pm25",-6,"predic",60.1490590561697,65.9840150154892,54.3141030968502
"pm25",-6,"observed",57.9714461965042,65.9840150154892,54.3141030968502
"pm25",-5,"predic",57.1190942208221,62.9953589482266,51.2428294934177
"pm25",-5,"observed",57.3680140631737,62.9953589482266,51.2428294934177
"pm25",-4,"predic",58.2929450437152,63.7096815057755,52.8762085816548
"pm25",-4,"observed",55.0647616516147,63.7096815057755,52.8762085816548
"pm25",-3,"predic",61.195787144404,66.4867607434869,55.9048135453212
"pm25",-3,"observed",54.5457358642846,66.4867607434869,55.9048135453212
"pm25",-2,"predic",62.6471440508158,68.0175033007065,57.276784800925
"pm25",-2,"observed",56.1442066759273,68.0175033007065,57.276784800925
"pm25",-1,"predic",63.3703923846151,68.9080575928292,57.832727176401
"pm25",-1,"observed",56.8742735609368,68.9080575928292,57.832727176401
"pm25",0,"predic",62.0118402862601,67.7667496073511,56.2569309651691
"pm25",0,"observed",55.9024796118835,67.7667496073511,56.2569309651691
"pm25",1,"predic",60.4704627163313,66.6358377884821,54.3050876441806
"pm25",1,"observed",55.4050241208975,66.6358377884821,54.3050876441806
"pm25",2,"predic",58.2116724270539,64.7120641142885,51.7112807398192
"pm25",2,"observed",53.5648894083527,64.7120641142885,51.7112807398192
"pm25",3,"predic",58.0149112077745,64.4544178546097,51.5754045609392
"pm25",3,"observed",52.6231531663673,64.4544178546097,51.5754045609392
"pm25",4,"predic",58.2935896903108,64.6369900107451,51.9501893698765
"pm25",4,"observed",51.393797574979,64.6369900107451,51.9501893698765
"pm25",5,"predic",57.9701119170303,64.3444535324894,51.5957703015712
"pm25",5,"observed",49.4008879640773,64.3444535324894,51.5957703015712
"pm25",6,"predic",56.3090074617787,62.8372310456396,49.7807838779179
"pm25",6,"observed",47.1770817764976,62.8372310456396,49.7807838779179
"pm25",7,"predic",53.5173816982036,60.2976704240555,46.7370929723518
"pm25",7,"observed",44.8525751817734,60.2976704240555,46.7370929723518
"pm25",8,"predic",51.4634611092603,58.4939122182956,44.4330100002251
"pm25",8,"observed",42.2549374853917,58.4939122182956,44.4330100002251
"pm25",9,"predic",50.6137342418189,57.9829424419403,43.2445260416974
"pm25",9,"observed",42.2305789451583,57.9829424419403,43.2445260416974
"pm25",10,"predic",49.7372275272147,56.7125011776586,42.7619538767708
"pm25",10,"observed",39.6224106132862,56.7125011776586,42.7619538767708
"pm25",11,"predic",52.1314144083023,58.8387337419357,45.4240950746689
"pm25",11,"observed",40.3497024992835,58.8387337419357,45.4240950746689
"pm25",12,"predic",51.8129890996092,58.2508434037725,45.375134795446
"pm25",12,"observed",40.2920443317308,58.2508434037725,45.375134795446
"pm25",13,"predic",50.5397337533308,56.7426132181453,44.3368542885162
"pm25",13,"observed",39.7336580845519,56.7426132181453,44.3368542885162
"pm25",14,"predic",51.0348813522558,57.3302372641782,44.7395254403334
"pm25",14,"observed",38.2850363757984,57.3302372641782,44.7395254403334
"pm25",15,"predic",49.9573620752403,56.3853139256755,43.5294102248051
"pm25",15,"observed",37.7605361786559,56.3853139256755,43.5294102248051
"pm25",16,"predic",49.6566854542269,56.1029474686003,43.2104234398535
"pm25",16,"observed",37.3968880900965,56.1029474686003,43.2104234398535
"pm25",17,"predic",51.5705198902647,57.648628426286,45.4924113542434
"pm25",17,"observed",38.6197594565628,57.648628426286,45.4924113542434
"pm25",18,"predic",54.9449419754921,60.7476643804479,49.1422195705363
"pm25",18,"observed",41.0792327065889,60.7476643804479,49.1422195705363
"pm25",19,"predic",55.0448135452502,60.6466304103658,49.4429966801347
"pm25",19,"observed",42.733667423405,60.6466304103658,49.4429966801347
"pm25",20,"predic",56.755326848613,62.3308292909362,51.1798244062898
"pm25",20,"observed",45.5293485463751,62.3308292909362,51.1798244062898
"pm25",21,"predic",57.6082514521916,63.2501181954772,51.9663847089061
"pm25",21,"observed",46.2122822517468,63.2501181954772,51.9663847089061
"pm25",22,"predic",57.3858103958672,63.1639635638758,51.6076572278587
"pm25",22,"observed",46.2779785514549,63.1639635638758,51.6076572278587
"pm25",23,"predic",54.7806344219799,60.7082078343004,48.8530610096594
"pm25",23,"observed",42.1476414633738,60.7082078343004,48.8530610096594
"pm25",24,"predic",55.3310224707521,61.3443146065526,49.3177303349515
"pm25",24,"observed",40.0763109730407,61.3443146065526,49.3177303349515
"pm25",25,"predic",55.6462867873849,61.673375406708,49.6191981680618
"pm25",25,"observed",36.7884257000722,61.673375406708,49.6191981680618
"pm25",26,"predic",54.8550640677056,60.9906209398182,48.719507195593
"pm25",26,"observed",34.3148250733586,60.9906209398182,48.719507195593
"pm25",27,"predic",54.5528092780854,60.9797928776124,48.1258256785584
"pm25",27,"observed",32.2923859243914,60.9797928776124,48.1258256785584
"pm25",28,"predic",54.4807480265002,61.5878398660253,47.373656186975
"pm25",28,"observed",32.7120045736762,61.5878398660253,47.373656186975
"pm25",29,"predic",53.0312954674915,60.0652052782566,45.9973856567263
"pm25",29,"observed",32.5841790628779,60.0652052782566,45.9973856567263
"pm25",30,"predic",52.9794109989147,59.9530836909864,46.0057383068429
"pm25",30,"observed",31.6381224381279,59.9530836909864,46.0057383068429
"pm25",31,"predic",54.2776525743385,61.0993558427913,47.4559493058857
"pm25",31,"observed",31.7616660650676,61.0993558427913,47.4559493058857
"pm25",32,"predic",56.4540373978447,62.9471944999869,49.9608802957024
"pm25",32,"observed",32.8814108585231,62.9471944999869,49.9608802957024
"pm25",33,"predic",57.0936370614673,63.1086177632283,51.0786563597064
"pm25",33,"observed",34.7414558109254,63.1086177632283,51.0786563597064
"pm25",34,"predic",57.2628954796225,63.3820103021996,51.1437806570454
"pm25",34,"observed",36.4321600656031,63.3820103021996,51.1437806570454
"pm25",35,"predic",56.637089697478,63.0269976356045,50.2471817593516
"pm25",35,"observed",38.6229661271011,63.0269976356045,50.2471817593516
"pm25",36,"predic",56.1561262826484,62.5994114235627,49.7128411417342
"pm25",36,"observed",40.7914402983996,62.5994114235627,49.7128411417342
"pm25",37,"predic",55.0672892692753,61.4094815545091,48.7250969840415
"pm25",37,"observed",41.5820028112689,61.4094815545091,48.7250969840415
"pm25",38,"predic",55.8504088646754,61.9109273722897,49.789890357061
"pm25",38,"observed",41.3436006454829,61.9109273722897,49.789890357061
"pm25",39,"predic",56.6852108591136,62.5060224093842,50.864399308843
"pm25",39,"observed",40.8967223717583,62.5060224093842,50.864399308843
"pm25",40,"predic",57.7812995973748,62.8673801150546,52.6952190796951
"pm25",40,"observed",40.6515798407279,62.8673801150546,52.6952190796951
"pm25",41,"predic",52.7469043256678,58.3324160003845,47.1613926509512
"pm25",41,"observed",39.8238442238422,58.3324160003845,47.1613926509512
"pm25",42,"predic",51.9438772592357,57.513711462013,46.3740430564583
"pm25",42,"observed",40.3365479318261,57.513711462013,46.3740430564583
"pm25",43,"predic",51.5496127153973,57.1232572700798,45.9759681607149
"pm25",43,"observed",42.3874705374591,57.1232572700798,45.9759681607149
"pm25",44,"predic",52.3093692324909,57.8824035470088,46.736334917973
"pm25",44,"observed",45.6104092260778,57.8824035470088,46.736334917973
"pm25",45,"predic",54.4791184437637,59.9902573739854,48.967979513542
"pm25",45,"observed",50.1650624333004,59.9902573739854,48.967979513542
"pm25",46,"predic",57.6344898845301,62.884958760799,52.3840210082611
"pm25",46,"observed",53.1738857849048,62.884958760799,52.3840210082611
"pm25",47,"predic",58.3158425040012,64.135714474549,52.4959705334535
"pm25",47,"observed",54.7754574737777,64.135714474549,52.4959705334535
"pm25",48,"predic",55.4769668149852,60.692982032935,50.2609515970354
"pm25",48,"observed",53.4844836011604,60.692982032935,50.2609515970354
"pm25",49,"predic",53.7660561020677,59.1649431362482,48.3671690678871
"pm25",49,"observed",51.0339552393096,59.1649431362482,48.3671690678871
"pm25",50,"predic",53.9644324385059,59.6309369208772,48.2979279561346
"pm25",50,"observed",47.3434271383742,59.6309369208772,48.2979279561346
"pm25",51,"predic",52.1486747188148,57.466893312836,46.8304561247935
"pm25",51,"observed",45.4448845175833,57.466893312836,46.8304561247935
"pm25",52,"predic",53.1307560447834,58.8253888972722,47.4361231922946
"pm25",52,"observed",44.5072407082427,58.8253888972722,47.4361231922946
"pm25",53,"predic",53.8130909706836,59.3237049405197,48.3024770008474
"pm25",53,"observed",40.1011455598541,59.3237049405197,48.3024770008474
"pm25",54,"predic",53.4640339607107,58.9933502509293,47.9347176704922
"pm25",54,"observed",39.6733993367245,58.9933502509293,47.9347176704922
"pm25",55,"predic",52.9375885628397,58.5964293286801,47.2787477969994
"pm25",55,"observed",39.8306883141087,58.5964293286801,47.2787477969994
"pm25",56,"predic",53.1430250699993,58.9398298213047,47.3462203186939
"pm25",56,"observed",38.1053141847136,58.9398298213047,47.3462203186939
"pm25",57,"predic",41.4716486579236,44.3138700872172,38.62942722863
"pm25",57,"observed",25.4429366545849,44.3138700872172,38.62942722863
"pm25",58,"predic",52.3618455385148,58.2493001676502,46.4743909093795
"pm25",58,"observed",35.6589405893447,58.2493001676502,46.4743909093795
"pm25",59,"predic",49.8605312023077,55.9883187164173,43.7327436881981
"pm25",59,"observed",34.666811182751,55.9883187164173,43.7327436881981
"pm25",60,"predic",52.6579437966795,58.9392302223788,46.3766573709802
"pm25",60,"observed",33.8325669217552,58.9392302223788,46.3766573709802
"pm25",61,"predic",57.694976139663,64.8172931158852,50.5726591634407
"pm25",61,"observed",38.1687506427343,64.8172931158852,50.5726591634407
"pm25",62,"predic",57.3877470760432,64.949273023974,49.8262211281124
"pm25",62,"observed",39.6694850258979,64.949273023974,49.8262211281124
"pm25",63,"predic",58.1030150979589,65.7805996513327,50.4254305445852
"pm25",63,"observed",41.7462318245058,65.7805996513327,50.4254305445852
"pm25",64,"predic",58.2493769995267,66.040308943715,50.4584450553383
"pm25",64,"observed",41.0136792827053,66.040308943715,50.4584450553383
"pm25",65,"predic",55.936700380031,63.727283394634,48.146117365428
"pm25",65,"observed",38.3989866526562,63.727283394634,48.146117365428
"pm25",66,"predic",55.4958238048054,63.076157469291,47.9154901403197
"pm25",66,"observed",35.5062301173226,63.076157469291,47.9154901403197
"pm25",67,"predic",56.2059412700201,63.6756325065285,48.7362500335117
"pm25",67,"observed",32.2358592915657,63.6756325065285,48.7362500335117
"pm25",68,"predic",55.593803998661,63.2276144109886,47.9599935863335
"pm25",68,"observed",29.9649757137606,63.2276144109886,47.9599935863335
"pm25",69,"predic",54.2817460402847,61.8489943660207,46.7144977145487
"pm25",69,"observed",28.6546721072337,61.8489943660207,46.7144977145487
"pm25",70,"predic",54.0073239887947,61.383941084463,46.6307068931265
"pm25",70,"observed",33.3982086780933,61.383941084463,46.6307068931265
"pm25",71,"predic",54.9704751360705,62.2688430406709,47.67210723147
"pm25",71,"observed",42.2392099887169,62.2688430406709,47.67210723147
"pm25",72,"predic",54.3196333706762,61.4947467042034,47.144520037149
"pm25",72,"observed",44.1398020216823,61.4947467042034,47.144520037149
"pm25",73,"predic",55.1837880406139,62.1746831436072,48.1928929376206
"pm25",73,"observed",46.2820645452899,62.1746831436072,48.1928929376206
"pm25",74,"predic",57.7342961639183,64.6813303773802,50.7872619504565
"pm25",74,"observed",47.3965666797288,64.6813303773802,50.7872619504565
"pm25",75,"predic",58.7227875508632,66.1203599155248,51.3252151862016
"pm25",75,"observed",49.1632883504047,66.1203599155248,51.3252151862016
"pm25",76,"predic",56.6377937523226,63.9334679661203,49.3421195385249
"pm25",76,"observed",41.1757947363399,63.9334679661203,49.3421195385249
"pm25",77,"predic",43.8048930072294,48.1007579748027,39.509028039656
"pm25",77,"observed",36.759873847865,48.1007579748027,39.509028039656
"pm25",78,"predic",42.1412919992046,46.5624427098818,37.7201412885274
"pm25",78,"observed",37.9166219727683,46.5624427098818,37.7201412885274
"pm25",79,"predic",40.1564758709654,44.8426705753234,35.4702811666075
"pm25",79,"observed",36.7479405424842,44.8426705753234,35.4702811666075
"pm25",80,"predic",39.2041888271902,43.9261454052248,34.4822322491556
"pm25",80,"observed",36.0527549764039,43.9261454052248,34.4822322491556
"pm25",81,"predic",40.9179311452854,45.8593342987174,35.9765279918534
"pm25",81,"observed",36.7159273721172,45.8593342987174,35.9765279918534
"pm25",82,"predic",42.7025619576116,47.583297181671,37.8218267335522
"pm25",82,"observed",39.0459232742686,47.583297181671,37.8218267335522
"pm25",83,"predic",43.4465090390508,48.2655335593693,38.6274845187324
"pm25",83,"observed",40.5759632819807,48.2655335593693,38.6274845187324
"pm25",84,"predic",44.3431726285269,48.8592948764435,39.8270503806104
"pm25",84,"observed",42.2695434644276,48.8592948764435,39.8270503806104
"pm25",85,"predic",43.9962418104458,48.4071210179232,39.5853626029685
"pm25",85,"observed",43.5206965075711,48.4071210179232,39.5853626029685
"pm25",86,"predic",43.1605299961607,47.5912214099774,38.7298385823439
"pm25",86,"observed",43.8970056810893,47.5912214099774,38.7298385823439
"pm25",87,"predic",42.6484320599549,47.1349794812423,38.1618846386674
"pm25",87,"observed",41.7363085296914,47.1349794812423,38.1618846386674
"pm25",88,"predic",42.6229683313456,47.053534935785,38.1924017269061
"pm25",88,"observed",37.8677021191876,47.053534935785,38.1924017269061
"pm25",89,"predic",40.9783164629896,45.6618541802822,36.2947787456971
"pm25",89,"observed",33.4252657186973,45.6618541802822,36.2947787456971
"pm25",90,"predic",37.2233538574258,42.2071374834978,32.2395702313538
"pm25",90,"observed",29.4307307262392,42.2071374834978,32.2395702313538
"pm25",91,"predic",34.3071708682025,39.2651353394843,29.3492063969207
"pm25",91,"observed",25.4539528175805,39.2651353394843,29.3492063969207
"pm25",92,"predic",32.0585096400052,37.070159012758,27.0468602672524
"pm25",92,"observed",22.9429446356966,37.070159012758,27.0468602672524
"pm25",94,"predic",32.8554239392605,38.0568310755622,27.6540168029588
"pm25",94,"observed",23.6666143003794,38.0568310755622,27.6540168029588
"pm25",95,"predic",34.8664450310468,40.0700280334064,29.6628620286872
"pm25",95,"observed",25.9965545170663,40.0700280334064,29.6628620286872
"pm25",96,"predic",39.4625359782141,44.6345150214705,34.2905569349577
"pm25",96,"observed",28.7988758236286,44.6345150214705,34.2905569349577
"pm25",97,"predic",41.3761331348148,46.5025595422583,36.2497067273713
"pm25",97,"observed",31.7532696373325,46.5025595422583,36.2497067273713
"pm25",98,"predic",42.9096807806667,48.075779830639,37.7435817306945
"pm25",98,"observed",34.4932729903521,48.075779830639,37.7435817306945
"pm25",99,"predic",43.1791188411529,48.4470065954051,37.9112310869007
"pm25",99,"observed",36.3337546858316,48.4470065954051,37.9112310869007
"pm25",100,"predic",44.1369799286511,49.3206191479144,38.9533407093879
"pm25",100,"observed",37.1762080714476,49.3206191479144,38.9533407093879
"pm25",101,"predic",45.4692172266885,50.4695548871959,40.4688795661811
"pm25",101,"observed",37.3401352765706,50.4695548871959,40.4688795661811
"pm25",102,"predic",46.9032211397188,51.7903985263833,42.0160437530544
"pm25",102,"observed",36.2151068480416,51.7903985263833,42.0160437530544
"pm25",103,"predic",47.845848460099,52.6663261374424,43.0253707827556
"pm25",103,"observed",33.5306884725,52.6663261374424,43.0253707827556
"pm25",104,"predic",45.4287526269182,50.1266755829074,40.730829670929
"pm25",104,"observed",31.3711144780827,50.1266755829074,40.730829670929
"pm25",105,"predic",42.3476461825467,47.6271692217576,37.0681231433358
"pm25",105,"observed",29.5569577902461,47.6271692217576,37.0681231433358
"pm25",106,"predic",39.0348888692739,44.9462092222881,33.1235685162597
"pm25",106,"observed",26.6177274539862,44.9462092222881,33.1235685162597
"pm25",107,"predic",37.6024972386832,43.7729429014747,31.4320515758917
"pm25",107,"observed",25.046149086375,43.7729429014747,31.4320515758917
"pm25",108,"predic",36.5127713666118,42.5490103384672,30.4765323947564
"pm25",108,"observed",25.6641495569878,42.5490103384672,30.4765323947564
"pm25",109,"predic",37.1783999161148,43.0632751690882,31.2935246631415
"pm25",109,"observed",25.522005679078,43.0632751690882,31.2935246631415
"pm25",110,"predic",38.0353210333474,43.4145661159072,32.6560759507875
"pm25",110,"observed",24.8236280888565,43.4145661159072,32.6560759507875
"pm25",112,"predic",36.9987137237809,41.8537186534268,32.143708794135
"pm25",112,"observed",26.5988729842233,41.8537186534268,32.143708794135
